ANO_ELEICAO_ANALISE,ESFERA,grupo,tipo_despesa,valor_despesa,total_grupo,proporcao
2012,municipal,Cristãos derrotados,Baixa de Estimaveis - Cessao ou locacao de veiculos,2375585.92,33782678.260000005,0.07031964433716273
2012,municipal,Cristãos derrotados,Baixa de Estimaveis - Publicidade por materiais impressos,19193009.48,33782678.260000005,0.5681316718670368
2012,municipal,Cristãos derrotados,Combustiveis e lubrificantes,1537301.67,33782678.260000005,0.04550561853529015
2012,municipal,Cristãos derrotados,Publicidade por materiais impressos,4402884.74,33782678.260000005,0.13032965314692604
2012,municipal,Cristãos derrotados,"Publicidade por placas, estandartes e faixas",1017796.28,33782678.260000005,0.03012775577373657
2012,municipal,Cristãos eleitos,Baixa de Estimaveis - Cessao ou locacao de veiculos,817356.74,7902378.51,0.10343173754151141
2012,municipal,Cristãos eleitos,Baixa de Estimaveis - Publicidade por materiais impressos,657767.72,7902378.51,0.0832366760422363
2012,municipal,Cristãos eleitos,Combustiveis e lubrificantes,933669.41,7902378.51,0.11815042886372701
2012,municipal,Cristãos eleitos,Publicidade por materiais impressos,2532061.48,7902378.51,0.3204176409413727
2012,municipal,Cristãos eleitos,"Publicidade por placas, estandartes e faixas",768267.05,7902378.51,0.09721972302741545
2014,estadual,Cristãos derrotados,Baixa de Estimaveis - Cessao ou locacao de veiculos,1199212.39,11859733.84,0.10111629874486289
2014,estadual,Cristãos derrotados,Combustiveis e lubrificantes,738932.05,11859733.84,0.062305955594699924
2014,estadual,Cristãos derrotados,Despesas com pessoal,1551229.26,11859733.84,0.1307979825624822
2014,estadual,Cristãos derrotados,Publicidade por materiais impressos,2025518.87,11859733.84,0.17078957228942332
2014,estadual,Cristãos derrotados,Servicos prestados por terceiros,880821.3099999999,11859733.84,0.07426990536914106
2014,estadual,Cristãos eleitos,Baixa de Estimaveis - Cessao ou locacao de veiculos,542411.4,7404548.59,0.0732538106013023
2014,estadual,Cristãos eleitos,Combustiveis e lubrificantes,479280.15,7404548.59,0.06472780132029629
2014,estadual,Cristãos eleitos,Despesas com pessoal,561036.8200000001,7404548.59,0.07576921309662174
2014,estadual,Cristãos eleitos,Publicidade por materiais impressos,1736491.34,7404548.59,0.2345168404114693
2014,estadual,Cristãos eleitos,Servicos prestados por terceiros,574650.04,7404548.59,0.07760770734573572
2014,federal,Cristãos derrotados,Baixa de Estimaveis - Publicidade por materiais impressos,461037.25,8726402.39,0.052832453672813036
2014,federal,Cristãos derrotados,Despesas com pessoal,1130796.87,8726402.39,0.12958339754030068
2014,federal,Cristãos derrotados,Doacoes financeiras a outros candidatos/comites financeiros/partidos,309500.0,8726402.39,0.03546707866172556
2014,federal,Cristãos derrotados,Publicidade por materiais impressos,1737395.99,8726402.39,0.19909647897866417
2014,federal,Cristãos derrotados,Servicos prestados por terceiros,842856.49,8726402.39,0.0965869383889367
2014,federal,Cristãos eleitos,Baixa de Estimaveis - Publicidade por materiais impressos,833885.36,8386164.859999999,0.09943584152243819
2014,federal,Cristãos eleitos,Despesas com pessoal,1006267.1699999999,8386164.859999999,0.11999134131021602
2014,federal,Cristãos eleitos,Doacoes financeiras a outros candidatos/comites financeiros/partidos,2965485.0,8386164.859999999,0.3536163490112929
2014,federal,Cristãos eleitos,Publicidade por materiais impressos,1038603.48,8386164.859999999,0.12384725286690823
2014,federal,Cristãos eleitos,Servicos prestados por terceiros,632694.44,8386164.859999999,0.07544502768098456
2018,estadual,Cristãos derrotados,Atividades de militancia e mobilizacao de rua,2248312.94,13435508.37,0.1673411141643314
2018,estadual,Cristãos derrotados,Despesas com pessoal,2405731.38,13435508.37,0.17905771138304907
2018,estadual,Cristãos derrotados,Publicidade por adesivos,991954.66,13435508.37,0.07383082446027311
2018,estadual,Cristãos derrotados,Publicidade por materiais impressos,3153138.14,13435508.37,0.23468692461541746
2018,estadual,Cristãos derrotados,Servicos prestados por terceiros,1687927.35,13435508.37,0.12563181857479652
2018,estadual,Cristãos eleitos,Atividades de militancia e mobilizacao de rua,676481.7,5626025.26,0.12024149710269876
2018,estadual,Cristãos eleitos,Despesas com pessoal,305190.67,5626025.26,0.05424623173483583
2018,estadual,Cristãos eleitos,Publicidade por adesivos,418702.29000000004,5626025.26,0.07442239781198566
2018,estadual,Cristãos eleitos,Publicidade por materiais impressos,1860056.54,5626025.26,0.330616457274847
2018,estadual,Cristãos eleitos,Servicos prestados por terceiros,685004.0,5626025.26,0.12175629655811393
2018,federal,Cristãos derrotados,Despesas com pessoal,2025055.42,15747903.709999999,0.1285920626193618
2018,federal,Cristãos derrotados,Doacoes financeiras a outros candidatos/partidos,1490700.0,15747903.709999999,0.09466021811229376
2018,federal,Cristãos derrotados,Publicidade por adesivos,814416.14,15747903.709999999,0.05171584453382463
2018,federal,Cristãos derrotados,Publicidade por materiais impressos,3956384.38,15747903.709999999,0.25123244673433426
2018,federal,Cristãos derrotados,Servicos prestados por terceiros,1896590.18,15747903.709999999,0.1204344536851375
2018,federal,Cristãos eleitos,Despesas com pessoal,1272128.85,12576953.879999999,0.10114761190489475
2018,federal,Cristãos eleitos,Doacoes financeiras a outros candidatos/partidos,1738212.6,12576953.879999999,0.1382061679310221
2018,federal,Cristãos eleitos,Publicidade por adesivos,1519206.1600000001,12576953.879999999,0.12079285449363517
2018,federal,Cristãos eleitos,Publicidade por materiais impressos,3198830.17,12576953.879999999,0.25434061383391193
2018,federal,Cristãos eleitos,Servicos prestados por terceiros,1326647.0,12576953.879999999,0.105482377740897
2020,municipal,Cristãos derrotados,Atividades de militancia e mobilizacao de rua,4163879.72,26153341.82,0.15921023587187605
2020,municipal,Cristãos derrotados,Despesas com pessoal,4254868.72,26153341.82,0.16268929413625505
2020,municipal,Cristãos derrotados,Publicidade por adesivos,1714177.27,26153341.82,0.06554333598351601
2020,municipal,Cristãos derrotados,Publicidade por materiais impressos,6184156.36,26153341.82,0.236457596989416
2020,municipal,Cristãos derrotados,Servicos prestados por terceiros,2123249.14,26153341.82,0.0811846208646387
2020,municipal,Cristãos eleitos,Atividades de militancia e mobilizacao de rua,623552.96,5948347.59,0.10482792919638376
2020,municipal,Cristãos eleitos,Despesas com pessoal,573884.4,5948347.59,0.09647795313185456
2020,municipal,Cristãos eleitos,Publicidade por adesivos,762032.76,5948347.59,0.1281083104963609
2020,municipal,Cristãos eleitos,Publicidade por materiais impressos,1833512.52,5948347.59,0.3082389675886442
2020,municipal,Cristãos eleitos,Servicos prestados por terceiros,151016.65,5948347.59,0.025388000232851222
2022,estadual,Cristãos derrotados,Atividades de militancia e mobilizacao de rua,3671767.52,28187487.33,0.13026232090194612
2022,estadual,Cristãos derrotados,Despesas com pessoal,4804068.52,28187487.33,0.17043266268316934
2022,estadual,Cristãos derrotados,Publicidade por adesivos,1413620.08,28187487.33,0.050150624049965654
2022,estadual,Cristãos derrotados,Publicidade por materiais impressos,7374816.28,28187487.33,0.26163439804551036
2022,estadual,Cristãos derrotados,Servicos prestados por terceiros,2926301.5,28187487.33,0.10381562094346493
2022,estadual,Cristãos eleitos,Atividades de militancia e mobilizacao de rua,547050.0,6876477.6899999995,0.07955381005533373
2022,estadual,Cristãos eleitos,Despesas com pessoal,455799.66,6876477.6899999995,0.0662838855222113
2022,estadual,Cristãos eleitos,Publicidade por adesivos,558220.51,6876477.6899999995,0.0811782623554182
2022,estadual,Cristãos eleitos,Publicidade por materiais impressos,2326798.77,6876477.6899999995,0.3383707291574155
2022,estadual,Cristãos eleitos,Servicos prestados por terceiros,775303.24,6876477.6899999995,0.11274714686088076
2022,federal,Cristãos derrotados,Atividades de militancia e mobilizacao de rua,8011262.01,63212472.08,0.1267354644801925
2022,federal,Cristãos derrotados,Despesas com pessoal,11733604.92,63212472.08,0.18562167455103268
2022,federal,Cristãos derrotados,Publicidade por adesivos,3327347.72,63212472.08,0.05263751931405244
2022,federal,Cristãos derrotados,Publicidade por materiais impressos,15127719.799999999,63212472.08,0.239315427829729
2022,federal,Cristãos derrotados,Servicos prestados por terceiros,6367996.48,63212472.08,0.10073955772431802
2022,federal,Cristãos eleitos,Atividades de militancia e mobilizacao de rua,1706310.0,16548176.29,0.103111664397189
2022,federal,Cristãos eleitos,Despesas com pessoal,1233767.0,16548176.29,0.07455607061338601
2022,federal,Cristãos eleitos,Publicidade por adesivos,2071441.1,16548176.29,0.12517639791230434
2022,federal,Cristãos eleitos,Publicidade por materiais impressos,5187606.52,16548176.29,0.3134850891777634
2022,federal,Cristãos eleitos,Servicos prestados por terceiros,1341583.98,16548176.29,0.08107140971242337
2024,municipal,Cristãos derrotados,Atividades de militancia e mobilizacao de rua,11846956.56,61772431.730000004,0.19178387879858197
2024,municipal,Cristãos derrotados,Despesas com pessoal,10028877.03,61772431.730000004,0.16235198694840175
2024,municipal,Cristãos derrotados,Publicidade por adesivos,3144790.28,61772431.730000004,0.05090928415681459
2024,municipal,Cristãos derrotados,Publicidade por materiais impressos,14564691.55,61772431.730000004,0.23577979920979225
2024,municipal,Cristãos derrotados,Servicos prestados por terceiros,4961309.93,61772431.730000004,0.08031592396565022
2024,municipal,Cristãos eleitos,Atividades de militancia e mobilizacao de rua,4756988.57,18718394.01,0.2541344394961798
2024,municipal,Cristãos eleitos,Despesas com pessoal,1727083.01,18718394.01,0.09226662335867776
2024,municipal,Cristãos eleitos,Publicidade por adesivos,1272622.41,18718394.01,0.06798779902379028
2024,municipal,Cristãos eleitos,Publicidade por materiais impressos,4653206.12,18718394.01,0.248590029546023
2024,municipal,Cristãos eleitos,Servicos prestados por terceiros,1260975.73,18718394.01,0.06736559393537415
