ANO_ELEICAO_ANALISE,ESFERA,SG_UF,grupo_religioso,votos,total_recorte,pct_votos,comparacao,codarea
2012,municipal,AC,Cristãos,8658,355741,0.024337931247733605,cristaos_vs_nao_cristaos,12
2012,municipal,AC,Não cristãos,347083,355741,0.9756620687522664,cristaos_vs_nao_cristaos,12
2012,municipal,AL,Cristãos,30274,1471149,0.020578473016669284,cristaos_vs_nao_cristaos,27
2012,municipal,AL,Não cristãos,1440875,1471149,0.9794215269833307,cristaos_vs_nao_cristaos,27
2012,municipal,AM,Cristãos,26553,1578560,0.01682102675856477,cristaos_vs_nao_cristaos,13
2012,municipal,AM,Não cristãos,1552007,1578560,0.9831789732414352,cristaos_vs_nao_cristaos,13
2012,municipal,AP,Cristãos,17054,339287,0.05026423057765255,cristaos_vs_nao_cristaos,16
2012,municipal,AP,Não cristãos,322233,339287,0.9497357694223475,cristaos_vs_nao_cristaos,16
2012,municipal,BA,Cristãos,422011,7002618,0.06026474669902028,cristaos_vs_nao_cristaos,29
2012,municipal,BA,Não cristãos,6580607,7002618,0.9397352533009797,cristaos_vs_nao_cristaos,29
2012,municipal,CE,Cristãos,45414,4457048,0.01018925530979249,cristaos_vs_nao_cristaos,23
2012,municipal,CE,Não cristãos,4411634,4457048,0.9898107446902075,cristaos_vs_nao_cristaos,23
2012,municipal,ES,Cristãos,52145,1897304,0.02748373481529581,cristaos_vs_nao_cristaos,32
2012,municipal,ES,Não cristãos,1845159,1897304,0.9725162651847042,cristaos_vs_nao_cristaos,32
2012,municipal,GO,Cristãos,100674,3134100,0.03212214032736671,cristaos_vs_nao_cristaos,52
2012,municipal,GO,Não cristãos,3033426,3134100,0.9678778596726333,cristaos_vs_nao_cristaos,52
2012,municipal,MA,Cristãos,107564,3257606,0.03301933996929033,cristaos_vs_nao_cristaos,21
2012,municipal,MA,Não cristãos,3150042,3257606,0.9669806600307097,cristaos_vs_nao_cristaos,21
2012,municipal,MG,Cristãos,381727,10641537,0.0358714159430165,cristaos_vs_nao_cristaos,31
2012,municipal,MG,Não cristãos,10259810,10641537,0.9641285840569835,cristaos_vs_nao_cristaos,31
2012,municipal,MS,Cristãos,27640,1252711,0.02206414727738481,cristaos_vs_nao_cristaos,50
2012,municipal,MS,Não cristãos,1225071,1252711,0.9779358527226152,cristaos_vs_nao_cristaos,50
2012,municipal,MT,Cristãos,29705,1554171,0.01911308343805154,cristaos_vs_nao_cristaos,51
2012,municipal,MT,Não cristãos,1524466,1554171,0.9808869165619485,cristaos_vs_nao_cristaos,51
2012,municipal,PA,Cristãos,127166,3691284,0.03445034302427014,cristaos_vs_nao_cristaos,15
2012,municipal,PA,Não cristãos,3564118,3691284,0.9655496569757298,cristaos_vs_nao_cristaos,15
2012,municipal,PB,Cristãos,28337,2111980,0.013417267208969783,cristaos_vs_nao_cristaos,25
2012,municipal,PB,Não cristãos,2083643,2111980,0.9865827327910303,cristaos_vs_nao_cristaos,25
2012,municipal,PE,Cristãos,77190,4703961,0.01640957482428107,cristaos_vs_nao_cristaos,26
2012,municipal,PE,Não cristãos,4626771,4703961,0.9835904251757189,cristaos_vs_nao_cristaos,26
2012,municipal,PI,Cristãos,30913,1753776,0.017626538394869128,cristaos_vs_nao_cristaos,22
2012,municipal,PI,Não cristãos,1722863,1753776,0.9823734616051308,cristaos_vs_nao_cristaos,22
2012,municipal,PR,Cristãos,128863,5758881,0.02237639569214922,cristaos_vs_nao_cristaos,41
2012,municipal,PR,Não cristãos,5630018,5758881,0.9776236043078508,cristaos_vs_nao_cristaos,41
2012,municipal,RJ,Cristãos,165127,7657859,0.021563076572707854,cristaos_vs_nao_cristaos,33
2012,municipal,RJ,Não cristãos,7492732,7657859,0.9784369234272922,cristaos_vs_nao_cristaos,33
2012,municipal,RN,Cristãos,18151,1794850,0.010112822798562553,cristaos_vs_nao_cristaos,24
2012,municipal,RN,Não cristãos,1776699,1794850,0.9898871772014375,cristaos_vs_nao_cristaos,24
2012,municipal,RO,Cristãos,25500,797699,0.031966944925341516,cristaos_vs_nao_cristaos,11
2012,municipal,RO,Não cristãos,772199,797699,0.9680330550746585,cristaos_vs_nao_cristaos,11
2012,municipal,RR,Cristãos,7891,226005,0.03491515674431982,cristaos_vs_nao_cristaos,14
2012,municipal,RR,Não cristãos,218114,226005,0.9650848432556802,cristaos_vs_nao_cristaos,14
2012,municipal,RS,Cristãos,85335,6102206,0.013984286993916626,cristaos_vs_nao_cristaos,43
2012,municipal,RS,Não cristãos,6016871,6102206,0.9860157130060834,cristaos_vs_nao_cristaos,43
2012,municipal,SC,Cristãos,46838,3675313,0.012743948610635339,cristaos_vs_nao_cristaos,42
2012,municipal,SC,Não cristãos,3628475,3675313,0.9872560513893647,cristaos_vs_nao_cristaos,42
2012,municipal,SE,Cristãos,76265,1125326,0.06777147244442944,cristaos_vs_nao_cristaos,28
2012,municipal,SE,Não cristãos,1049061,1125326,0.9322285275555706,cristaos_vs_nao_cristaos,28
2012,municipal,SP,Cristãos,699570,20083484,0.03483309967533522,cristaos_vs_nao_cristaos,35
2012,municipal,SP,Não cristãos,19383914,20083484,0.9651669003246648,cristaos_vs_nao_cristaos,35
2012,municipal,TO,Cristãos,17780,752593,0.02362498721088291,cristaos_vs_nao_cristaos,17
2012,municipal,TO,Não cristãos,734813,752593,0.9763750127891171,cristaos_vs_nao_cristaos,17
2014,estadual,AC,Cristãos,6889,377299,0.01825872848854622,cristaos_vs_nao_cristaos,12
2014,estadual,AC,Não cristãos,370410,377299,0.9817412715114537,cristaos_vs_nao_cristaos,12
2014,estadual,AL,Cristãos,53980,1314659,0.04106007717590645,cristaos_vs_nao_cristaos,27
2014,estadual,AL,Não cristãos,1260679,1314659,0.9589399228240936,cristaos_vs_nao_cristaos,27
2014,estadual,AM,Cristãos,44061,1552644,0.02837804416208738,cristaos_vs_nao_cristaos,13
2014,estadual,AM,Não cristãos,1508583,1552644,0.9716219558379127,cristaos_vs_nao_cristaos,13
2014,estadual,AP,Cristãos,20536,373731,0.05494861277228809,cristaos_vs_nao_cristaos,16
2014,estadual,AP,Não cristãos,353195,373731,0.9450513872277119,cristaos_vs_nao_cristaos,16
2014,estadual,BA,Cristãos,411942,6053428,0.06805102827687055,cristaos_vs_nao_cristaos,29
2014,estadual,BA,Não cristãos,5641486,6053428,0.9319489717231294,cristaos_vs_nao_cristaos,29
2014,estadual,CE,Cristãos,15155,4086768,0.0037083093535037956,cristaos_vs_nao_cristaos,23
2014,estadual,CE,Não cristãos,4071613,4086768,0.9962916906464963,cristaos_vs_nao_cristaos,23
2014,estadual,DF,Cristãos,66050,1439955,0.04586948897708609,cristaos_vs_nao_cristaos,53
2014,estadual,DF,Não cristãos,1373905,1439955,0.9541305110229139,cristaos_vs_nao_cristaos,53
2014,estadual,ES,Cristãos,69904,1757871,0.03976628546690855,cristaos_vs_nao_cristaos,32
2014,estadual,ES,Não cristãos,1687967,1757871,0.9602337145330915,cristaos_vs_nao_cristaos,32
2014,estadual,GO,Cristãos,85119,2877038,0.029585636338484232,cristaos_vs_nao_cristaos,52
2014,estadual,GO,Não cristãos,2791919,2877038,0.9704143636615158,cristaos_vs_nao_cristaos,52
2014,estadual,MA,Cristãos,58123,2917435,0.019922637522344112,cristaos_vs_nao_cristaos,21
2014,estadual,MA,Não cristãos,2859312,2917435,0.9800773624776559,cristaos_vs_nao_cristaos,21
2014,estadual,MG,Cristãos,117693,9204160,0.012786935472655843,cristaos_vs_nao_cristaos,31
2014,estadual,MG,Não cristãos,9086467,9204160,0.9872130645273441,cristaos_vs_nao_cristaos,31
2014,estadual,MS,Cristãos,3486,1204007,0.0028953320038836985,cristaos_vs_nao_cristaos,50
2014,estadual,MS,Não cristãos,1200521,1204007,0.9971046679961163,cristaos_vs_nao_cristaos,50
2014,estadual,MT,Cristãos,3431,1394584,0.0024602318684281478,cristaos_vs_nao_cristaos,51
2014,estadual,MT,Não cristãos,1391153,1394584,0.9975397681315719,cristaos_vs_nao_cristaos,51
2014,estadual,PA,Cristãos,96939,3453031,0.028073596790761508,cristaos_vs_nao_cristaos,15
2014,estadual,PA,Não cristãos,3356092,3453031,0.9719264032092385,cristaos_vs_nao_cristaos,15
2014,estadual,PB,Cristãos,30546,1835376,0.01664291131626435,cristaos_vs_nao_cristaos,25
2014,estadual,PB,Não cristãos,1804830,1835376,0.9833570886837356,cristaos_vs_nao_cristaos,25
2014,estadual,PE,Cristãos,434825,4171737,0.10423116318214691,cristaos_vs_nao_cristaos,26
2014,estadual,PE,Não cristãos,3736912,4171737,0.8957688368178531,cristaos_vs_nao_cristaos,26
2014,estadual,PI,Cristãos,49944,1607165,0.031075838510669408,cristaos_vs_nao_cristaos,22
2014,estadual,PI,Não cristãos,1557221,1607165,0.9689241614893306,cristaos_vs_nao_cristaos,22
2014,estadual,PR,Cristãos,104255,5283167,0.019733428831608012,cristaos_vs_nao_cristaos,41
2014,estadual,PR,Não cristãos,5178912,5283167,0.980266571168392,cristaos_vs_nao_cristaos,41
2014,estadual,RJ,Cristãos,72240,7158522,0.010091468602038241,cristaos_vs_nao_cristaos,33
2014,estadual,RJ,Não cristãos,7086282,7158522,0.9899085313979618,cristaos_vs_nao_cristaos,33
2014,estadual,RN,Cristãos,26414,1529149,0.017273660055364126,cristaos_vs_nao_cristaos,24
2014,estadual,RN,Não cristãos,1502735,1529149,0.9827263399446359,cristaos_vs_nao_cristaos,24
2014,estadual,RO,Cristãos,13697,761590,0.017984742446723302,cristaos_vs_nao_cristaos,11
2014,estadual,RO,Não cristãos,747893,761590,0.9820152575532767,cristaos_vs_nao_cristaos,11
2014,estadual,RR,Cristãos,15748,242396,0.06496806878001288,cristaos_vs_nao_cristaos,14
2014,estadual,RR,Não cristãos,226648,242396,0.9350319312199872,cristaos_vs_nao_cristaos,14
2014,estadual,RS,Cristãos,95167,5585600,0.01703791893440275,cristaos_vs_nao_cristaos,43
2014,estadual,RS,Não cristãos,5490433,5585600,0.9829620810655972,cristaos_vs_nao_cristaos,43
2014,estadual,SC,Cristãos,92410,3287585,0.02810877893651419,cristaos_vs_nao_cristaos,42
2014,estadual,SC,Não cristãos,3195175,3287585,0.9718912210634858,cristaos_vs_nao_cristaos,42
2014,estadual,SE,Cristãos,119033,967550,0.12302516665805385,cristaos_vs_nao_cristaos,28
2014,estadual,SE,Não cristãos,848517,967550,0.8769748333419461,cristaos_vs_nao_cristaos,28
2014,estadual,SP,Cristãos,452602,17595474,0.02572263753735762,cristaos_vs_nao_cristaos,35
2014,estadual,SP,Não cristãos,17142872,17595474,0.9742773624626424,cristaos_vs_nao_cristaos,35
2014,estadual,TO,Cristãos,33694,699008,0.048202595678447174,cristaos_vs_nao_cristaos,17
2014,estadual,TO,Não cristãos,665314,699008,0.9517974043215528,cristaos_vs_nao_cristaos,17
2014,federal,AC,Não cristãos,743145,743145,1.0,cristaos_vs_nao_cristaos,12
2014,federal,AL,Cristãos,15388,2520899,0.006104171567365452,cristaos_vs_nao_cristaos,27
2014,federal,AL,Não cristãos,2505511,2520899,0.9938958284326346,cristaos_vs_nao_cristaos,27
2014,federal,AM,Cristãos,51186,3156350,0.016216832734012386,cristaos_vs_nao_cristaos,13
2014,federal,AM,Não cristãos,3105164,3156350,0.9837831672659876,cristaos_vs_nao_cristaos,13
2014,federal,AP,Cristãos,20346,731297,0.027821801538909636,cristaos_vs_nao_cristaos,16
2014,federal,AP,Não cristãos,710951,731297,0.9721781984610903,cristaos_vs_nao_cristaos,16
2014,federal,BA,Cristãos,44581,11961005,0.003727195164620364,cristaos_vs_nao_cristaos,29
2014,federal,BA,Não cristãos,11916424,11961005,0.9962728048353796,cristaos_vs_nao_cristaos,29
2014,federal,CE,Cristãos,1293,7999980,0.00016162540406351015,cristaos_vs_nao_cristaos,23
2014,federal,CE,Não cristãos,7998687,7999980,0.9998383745959365,cristaos_vs_nao_cristaos,23
2014,federal,DF,Cristãos,3069,2797026,0.0010972368508551584,cristaos_vs_nao_cristaos,53
2014,federal,DF,Não cristãos,2793957,2797026,0.9989027631491448,cristaos_vs_nao_cristaos,53
2014,federal,ES,Cristãos,11208,3346003,0.0033496682459639156,cristaos_vs_nao_cristaos,32
2014,federal,ES,Não cristãos,3334795,3346003,0.9966503317540361,cristaos_vs_nao_cristaos,32
2014,federal,GO,Cristãos,26921,5522738,0.004874574893829836,cristaos_vs_nao_cristaos,52
2014,federal,GO,Não cristãos,5495817,5522738,0.9951254251061702,cristaos_vs_nao_cristaos,52
2014,federal,MA,Cristãos,51249,5765592,0.00888876632269505,cristaos_vs_nao_cristaos,21
2014,federal,MA,Não cristãos,5714343,5765592,0.9911112336773049,cristaos_vs_nao_cristaos,21
2014,federal,MG,Cristãos,164199,18211076,0.009016435931627544,cristaos_vs_nao_cristaos,31
2014,federal,MG,Não cristãos,18046877,18211076,0.9909835640683724,cristaos_vs_nao_cristaos,31
2014,federal,MS,Cristãos,239316,2391303,0.10007765640740633,cristaos_vs_nao_cristaos,50
2014,federal,MS,Não cristãos,2151987,2391303,0.8999223435925937,cristaos_vs_nao_cristaos,50
2014,federal,MT,Cristãos,737,2676171,0.00027539346327271313,cristaos_vs_nao_cristaos,51
2014,federal,MT,Não cristãos,2675434,2676171,0.9997246065367272,cristaos_vs_nao_cristaos,51
2014,federal,PA,Cristãos,40871,6889844,0.0059320646447147424,cristaos_vs_nao_cristaos,15
2014,federal,PA,Não cristãos,6848973,6889844,0.9940679353552853,cristaos_vs_nao_cristaos,15
2014,federal,PB,Cristãos,36745,3517067,0.01044762582003698,cristaos_vs_nao_cristaos,25
2014,federal,PB,Não cristãos,3480322,3517067,0.989552374179963,cristaos_vs_nao_cristaos,25
2014,federal,PE,Cristãos,252352,8257129,0.030561712188340525,cristaos_vs_nao_cristaos,26
2014,federal,PE,Não cristãos,8004777,8257129,0.9694382878116595,cristaos_vs_nao_cristaos,26
2014,federal,PI,Cristãos,828,3162711,0.0002618007146400667,cristaos_vs_nao_cristaos,22
2014,federal,PI,Não cristãos,3161883,3162711,0.9997381992853599,cristaos_vs_nao_cristaos,22
2014,federal,PR,Cristãos,91277,10602804,0.008608760475059238,cristaos_vs_nao_cristaos,41
2014,federal,PR,Não cristãos,10511527,10602804,0.9913912395249408,cristaos_vs_nao_cristaos,41
2014,federal,RJ,Cristãos,58856,14463617,0.004069244919856493,cristaos_vs_nao_cristaos,33
2014,federal,RJ,Não cristãos,14404761,14463617,0.9959307550801435,cristaos_vs_nao_cristaos,33
2014,federal,RN,Não cristãos,2924709,2924709,1.0,cristaos_vs_nao_cristaos,24
2014,federal,RO,Cristãos,24696,1485551,0.01662413474865555,cristaos_vs_nao_cristaos,11
2014,federal,RO,Não cristãos,1460855,1485551,0.9833758652513445,cristaos_vs_nao_cristaos,11
2014,federal,RR,Cristãos,34545,460578,0.07500358245508904,cristaos_vs_nao_cristaos,14
2014,federal,RR,Não cristãos,426033,460578,0.9249964175449109,cristaos_vs_nao_cristaos,14
2014,federal,RS,Cristãos,230758,11234821,0.020539535075814738,cristaos_vs_nao_cristaos,43
2014,federal,RS,Não cristãos,11004063,11234821,0.9794604649241853,cristaos_vs_nao_cristaos,43
2014,federal,SC,Cristãos,38552,6191488,0.006226613053275723,cristaos_vs_nao_cristaos,42
2014,federal,SC,Não cristãos,6152936,6191488,0.9937733869467242,cristaos_vs_nao_cristaos,42
2014,federal,SE,Cristãos,54611,1890415,0.028888365782116624,cristaos_vs_nao_cristaos,28
2014,federal,SE,Não cristãos,1835804,1890415,0.9711116342178834,cristaos_vs_nao_cristaos,28
2014,federal,SP,Cristãos,886205,38247096,0.023170517311954873,cristaos_vs_nao_cristaos,35
2014,federal,SP,Não cristãos,37360891,38247096,0.9768294826880451,cristaos_vs_nao_cristaos,35
2014,federal,TO,Cristãos,29663,1348187,0.02200214065259493,cristaos_vs_nao_cristaos,17
2014,federal,TO,Não cristãos,1318524,1348187,0.977997859347405,cristaos_vs_nao_cristaos,17
2016,municipal,AC,Cristãos,12237,386315,0.03167622277157242,cristaos_vs_nao_cristaos,12
2016,municipal,AC,Não cristãos,374078,386315,0.9683237772284276,cristaos_vs_nao_cristaos,12
2016,municipal,AL,Cristãos,20972,1555736,0.01348043626939275,cristaos_vs_nao_cristaos,27
2016,municipal,AL,Não cristãos,1534764,1555736,0.9865195637306072,cristaos_vs_nao_cristaos,27
2016,municipal,AM,Cristãos,36100,1761064,0.020498971076576434,cristaos_vs_nao_cristaos,13
2016,municipal,AM,Não cristãos,1724964,1761064,0.9795010289234236,cristaos_vs_nao_cristaos,13
2016,municipal,AP,Cristãos,14197,371093,0.038257256267296876,cristaos_vs_nao_cristaos,16
2016,municipal,AP,Não cristãos,356896,371093,0.9617427437327031,cristaos_vs_nao_cristaos,16
2016,municipal,BA,Cristãos,507943,7322493,0.06936749546909775,cristaos_vs_nao_cristaos,29
2016,municipal,BA,Não cristãos,6814550,7322493,0.9306325045309023,cristaos_vs_nao_cristaos,29
2016,municipal,CE,Cristãos,57929,4719944,0.012273238835037026,cristaos_vs_nao_cristaos,23
2016,municipal,CE,Não cristãos,4662015,4719944,0.9877267611649629,cristaos_vs_nao_cristaos,23
2016,municipal,ES,Cristãos,45515,1942521,0.02343089212420355,cristaos_vs_nao_cristaos,32
2016,municipal,ES,Não cristãos,1897006,1942521,0.9765691078757964,cristaos_vs_nao_cristaos,32
2016,municipal,GO,Cristãos,99708,3284804,0.030354322510566842,cristaos_vs_nao_cristaos,52
2016,municipal,GO,Não cristãos,3185096,3284804,0.9696456774894332,cristaos_vs_nao_cristaos,52
2016,municipal,MA,Cristãos,117111,3466650,0.03378218164510406,cristaos_vs_nao_cristaos,21
2016,municipal,MA,Não cristãos,3349539,3466650,0.966217818354896,cristaos_vs_nao_cristaos,21
2016,municipal,MG,Cristãos,379771,10788874,0.03520024425162441,cristaos_vs_nao_cristaos,31
2016,municipal,MG,Não cristãos,10409103,10788874,0.9647997557483756,cristaos_vs_nao_cristaos,31
2016,municipal,MS,Cristãos,32528,1292822,0.025160462925290564,cristaos_vs_nao_cristaos,50
2016,municipal,MS,Não cristãos,1260294,1292822,0.9748395370747094,cristaos_vs_nao_cristaos,50
2016,municipal,MT,Cristãos,26269,1575953,0.01666864430601674,cristaos_vs_nao_cristaos,51
2016,municipal,MT,Não cristãos,1549684,1575953,0.9833313556939832,cristaos_vs_nao_cristaos,51
2016,municipal,PA,Cristãos,144644,4061894,0.03560998883771955,cristaos_vs_nao_cristaos,15
2016,municipal,PA,Não cristãos,3917250,4061894,0.9643900111622804,cristaos_vs_nao_cristaos,15
2016,municipal,PB,Cristãos,26678,2218039,0.012027741622216741,cristaos_vs_nao_cristaos,25
2016,municipal,PB,Não cristãos,2191361,2218039,0.9879722583777832,cristaos_vs_nao_cristaos,25
2016,municipal,PE,Cristãos,79724,4827002,0.016516255845760993,cristaos_vs_nao_cristaos,26
2016,municipal,PE,Não cristãos,4747278,4827002,0.983483744154239,cristaos_vs_nao_cristaos,26
2016,municipal,PI,Cristãos,38001,1860883,0.020420950699211075,cristaos_vs_nao_cristaos,22
2016,municipal,PI,Não cristãos,1822882,1860883,0.9795790493007889,cristaos_vs_nao_cristaos,22
2016,municipal,PR,Cristãos,120142,5699902,0.021077906251721523,cristaos_vs_nao_cristaos,41
2016,municipal,PR,Não cristãos,5579760,5699902,0.9789220937482784,cristaos_vs_nao_cristaos,41
2016,municipal,RJ,Cristãos,202828,7598975,0.026691494576571183,cristaos_vs_nao_cristaos,33
2016,municipal,RJ,Não cristãos,7396147,7598975,0.9733085054234288,cristaos_vs_nao_cristaos,33
2016,municipal,RN,Cristãos,18790,1822455,0.010310268291946851,cristaos_vs_nao_cristaos,24
2016,municipal,RN,Não cristãos,1803665,1822455,0.9896897317080532,cristaos_vs_nao_cristaos,24
2016,municipal,RO,Cristãos,25817,803920,0.03211389192954523,cristaos_vs_nao_cristaos,11
2016,municipal,RO,Não cristãos,778103,803920,0.9678861080704547,cristaos_vs_nao_cristaos,11
2016,municipal,RR,Cristãos,6707,238812,0.028084853357452724,cristaos_vs_nao_cristaos,14
2016,municipal,RR,Não cristãos,232105,238812,0.9719151466425473,cristaos_vs_nao_cristaos,14
2016,municipal,RS,Cristãos,80784,5975535,0.013519124229043927,cristaos_vs_nao_cristaos,43
2016,municipal,RS,Não cristãos,5894751,5975535,0.9864808757709561,cristaos_vs_nao_cristaos,43
2016,municipal,SC,Cristãos,42579,3757400,0.011332038111460052,cristaos_vs_nao_cristaos,42
2016,municipal,SC,Não cristãos,3714821,3757400,0.9886679618885399,cristaos_vs_nao_cristaos,42
2016,municipal,SE,Cristãos,80411,1150420,0.06989708106604545,cristaos_vs_nao_cristaos,28
2016,municipal,SE,Não cristãos,1070009,1150420,0.9301029189339546,cristaos_vs_nao_cristaos,28
2016,municipal,SP,Cristãos,590098,19110103,0.030878849789558956,cristaos_vs_nao_cristaos,35
2016,municipal,SP,Não cristãos,18520005,19110103,0.9691211502104411,cristaos_vs_nao_cristaos,35
2016,municipal,TO,Cristãos,22561,802165,0.028125136349753478,cristaos_vs_nao_cristaos,17
2016,municipal,TO,Não cristãos,779604,802165,0.9718748636502466,cristaos_vs_nao_cristaos,17
2018,estadual,AC,Cristãos,8652,382394,0.022625878021098656,cristaos_vs_nao_cristaos,12
2018,estadual,AC,Não cristãos,373742,382394,0.9773741219789014,cristaos_vs_nao_cristaos,12
2018,estadual,AL,Cristãos,28258,1360356,0.020772503668157454,cristaos_vs_nao_cristaos,27
2018,estadual,AL,Não cristãos,1332098,1360356,0.9792274963318426,cristaos_vs_nao_cristaos,27
2018,estadual,AM,Cristãos,46781,1684925,0.027764440553733845,cristaos_vs_nao_cristaos,13
2018,estadual,AM,Não cristãos,1638144,1684925,0.9722355594462662,cristaos_vs_nao_cristaos,13
2018,estadual,AP,Cristãos,20006,384960,0.0519690357439734,cristaos_vs_nao_cristaos,16
2018,estadual,AP,Não cristãos,364954,384960,0.9480309642560266,cristaos_vs_nao_cristaos,16
2018,estadual,BA,Cristãos,243576,6030255,0.0403923217177383,cristaos_vs_nao_cristaos,29
2018,estadual,BA,Não cristãos,5786679,6030255,0.9596076782822617,cristaos_vs_nao_cristaos,29
2018,estadual,CE,Cristãos,55335,4213546,0.013132644095970472,cristaos_vs_nao_cristaos,23
2018,estadual,CE,Não cristãos,4158211,4213546,0.9868673559040295,cristaos_vs_nao_cristaos,23
2018,estadual,DF,Cristãos,38963,1416104,0.027514222119279376,cristaos_vs_nao_cristaos,53
2018,estadual,DF,Não cristãos,1377141,1416104,0.9724857778807207,cristaos_vs_nao_cristaos,53
2018,estadual,ES,Cristãos,60272,1824614,0.033032740075435135,cristaos_vs_nao_cristaos,32
2018,estadual,ES,Não cristãos,1764342,1824614,0.9669672599245649,cristaos_vs_nao_cristaos,32
2018,estadual,GO,Cristãos,50600,2861366,0.017683861484339997,cristaos_vs_nao_cristaos,52
2018,estadual,GO,Não cristãos,2810766,2861366,0.98231613851566,cristaos_vs_nao_cristaos,52
2018,estadual,MA,Cristãos,166539,2960143,0.05626045768734821,cristaos_vs_nao_cristaos,21
2018,estadual,MA,Não cristãos,2793604,2960143,0.9437395423126518,cristaos_vs_nao_cristaos,21
2018,estadual,MG,Cristãos,137008,9192452,0.014904402002860608,cristaos_vs_nao_cristaos,31
2018,estadual,MG,Não cristãos,9055444,9192452,0.9850955979971394,cristaos_vs_nao_cristaos,31
2018,estadual,MS,Cristãos,15550,1180209,0.013175632451540362,cristaos_vs_nao_cristaos,50
2018,estadual,MS,Não cristãos,1164659,1180209,0.9868243675484596,cristaos_vs_nao_cristaos,50
2018,estadual,MT,Cristãos,24450,1397024,0.017501488879217538,cristaos_vs_nao_cristaos,51
2018,estadual,MT,Não cristãos,1372574,1397024,0.9824985111207825,cristaos_vs_nao_cristaos,51
2018,estadual,PA,Cristãos,61678,3687051,0.01672827416816312,cristaos_vs_nao_cristaos,15
2018,estadual,PA,Não cristãos,3625373,3687051,0.9832717258318369,cristaos_vs_nao_cristaos,15
2018,estadual,PB,Cristãos,2724,1891169,0.0014403789402216301,cristaos_vs_nao_cristaos,25
2018,estadual,PB,Não cristãos,1888445,1891169,0.9985596210597784,cristaos_vs_nao_cristaos,25
2018,estadual,PE,Cristãos,123820,4178213,0.029634678749025003,cristaos_vs_nao_cristaos,26
2018,estadual,PE,Não cristãos,4054393,4178213,0.970365321250975,cristaos_vs_nao_cristaos,26
2018,estadual,PI,Cristãos,52966,1648383,0.032132095514209986,cristaos_vs_nao_cristaos,22
2018,estadual,PI,Não cristãos,1595417,1648383,0.96786790448579,cristaos_vs_nao_cristaos,22
2018,estadual,PR,Cristãos,62709,4852937,0.012921865666090451,cristaos_vs_nao_cristaos,41
2018,estadual,PR,Não cristãos,4790228,4852937,0.9870781343339096,cristaos_vs_nao_cristaos,41
2018,estadual,RJ,Cristãos,123392,7033278,0.017544024280001444,cristaos_vs_nao_cristaos,33
2018,estadual,RJ,Não cristãos,6909886,7033278,0.9824559757199985,cristaos_vs_nao_cristaos,33
2018,estadual,RN,Cristãos,30411,1545812,0.019673155597187755,cristaos_vs_nao_cristaos,24
2018,estadual,RN,Não cristãos,1515401,1545812,0.9803268444028123,cristaos_vs_nao_cristaos,24
2018,estadual,RO,Cristãos,25188,679360,0.03707607159679698,cristaos_vs_nao_cristaos,11
2018,estadual,RO,Não cristãos,654172,679360,0.9629239284032031,cristaos_vs_nao_cristaos,11
2018,estadual,RR,Cristãos,6121,224853,0.027222229634472298,cristaos_vs_nao_cristaos,14
2018,estadual,RR,Não cristãos,218732,224853,0.9727777703655277,cristaos_vs_nao_cristaos,14
2018,estadual,RS,Cristãos,28742,5306850,0.005416018918944383,cristaos_vs_nao_cristaos,43
2018,estadual,RS,Não cristãos,5278108,5306850,0.9945839810810556,cristaos_vs_nao_cristaos,43
2018,estadual,SC,Cristãos,43642,3429667,0.012724850546714885,cristaos_vs_nao_cristaos,42
2018,estadual,SC,Não cristãos,3386025,3429667,0.9872751494532851,cristaos_vs_nao_cristaos,42
2018,estadual,SE,Cristãos,87225,988716,0.08822047989513672,cristaos_vs_nao_cristaos,28
2018,estadual,SE,Não cristãos,901491,988716,0.9117795201048633,cristaos_vs_nao_cristaos,28
2018,estadual,SP,Cristãos,247306,18633278,0.013272275549154583,cristaos_vs_nao_cristaos,35
2018,estadual,SP,Não cristãos,18385972,18633278,0.9867277244508454,cristaos_vs_nao_cristaos,35
2018,estadual,TO,Cristãos,18478,686764,0.026905894892568626,cristaos_vs_nao_cristaos,17
2018,estadual,TO,Não cristãos,668286,686764,0.9730941051074313,cristaos_vs_nao_cristaos,17
2018,federal,AC,Cristãos,9927,1185424,0.008374218844902753,cristaos_vs_nao_cristaos,12
2018,federal,AC,Não cristãos,1175497,1185424,0.9916257811550973,cristaos_vs_nao_cristaos,12
2018,federal,AL,Cristãos,1481,3960216,0.0003739695006534997,cristaos_vs_nao_cristaos,27
2018,federal,AL,Não cristãos,3958735,3960216,0.9996260304993465,cristaos_vs_nao_cristaos,27
2018,federal,AM,Cristãos,6481,4961902,0.0013061523585109096,cristaos_vs_nao_cristaos,13
2018,federal,AM,Não cristãos,4955421,4961902,0.998693847641489,cristaos_vs_nao_cristaos,13
2018,federal,AP,Cristãos,19499,921410,0.02116213194994628,cristaos_vs_nao_cristaos,16
2018,federal,AP,Não cristãos,901911,921410,0.9788378680500537,cristaos_vs_nao_cristaos,16
2018,federal,BA,Cristãos,482937,18099056,0.026682993853381083,cristaos_vs_nao_cristaos,29
2018,federal,BA,Não cristãos,17616119,18099056,0.9733170061466189,cristaos_vs_nao_cristaos,29
2018,federal,CE,Cristãos,488127,12058833,0.0404787925995824,cristaos_vs_nao_cristaos,23
2018,federal,CE,Não cristãos,11570706,12058833,0.9595212074004176,cristaos_vs_nao_cristaos,23
2018,federal,DF,Cristãos,15214,3987600,0.0038153275152974222,cristaos_vs_nao_cristaos,53
2018,federal,DF,Não cristãos,3972386,3987600,0.9961846724847025,cristaos_vs_nao_cristaos,53
2018,federal,ES,Cristãos,62052,5396997,0.011497505001392442,cristaos_vs_nao_cristaos,32
2018,federal,ES,Não cristãos,5334945,5396997,0.9885024949986075,cristaos_vs_nao_cristaos,32
2018,federal,GO,Cristãos,731,8347792,8.756806590293578e-05,cristaos_vs_nao_cristaos,52
2018,federal,GO,Não cristãos,8347061,8347792,0.9999124319340971,cristaos_vs_nao_cristaos,52
2018,federal,MA,Cristãos,59400,8724697,0.0068082593584625345,cristaos_vs_nao_cristaos,21
2018,federal,MA,Não cristãos,8665297,8724697,0.9931917406415375,cristaos_vs_nao_cristaos,21
2018,federal,MG,Cristãos,341708,27078732,0.012619054688380534,cristaos_vs_nao_cristaos,31
2018,federal,MG,Não cristãos,26737024,27078732,0.9873809453116195,cristaos_vs_nao_cristaos,31
2018,federal,MS,Cristãos,810,3341941,0.0002423741173168527,cristaos_vs_nao_cristaos,50
2018,federal,MS,Não cristãos,3341131,3341941,0.9997576258826831,cristaos_vs_nao_cristaos,50
2018,federal,MT,Cristãos,11435,4813000,0.002375857053812591,cristaos_vs_nao_cristaos,51
2018,federal,MT,Não cristãos,4801565,4813000,0.9976241429461874,cristaos_vs_nao_cristaos,51
2018,federal,PA,Cristãos,14202,10697228,0.0013276336635995793,cristaos_vs_nao_cristaos,15
2018,federal,PA,Não cristãos,10683026,10697228,0.9986723663364004,cristaos_vs_nao_cristaos,15
2018,federal,PB,Cristãos,130345,5277319,0.024699094369697947,cristaos_vs_nao_cristaos,25
2018,federal,PB,Não cristãos,5146974,5277319,0.975300905630302,cristaos_vs_nao_cristaos,25
2018,federal,PE,Cristãos,404398,10680246,0.037864109122580134,cristaos_vs_nao_cristaos,26
2018,federal,PE,Não cristãos,10275848,10680246,0.9621358908774199,cristaos_vs_nao_cristaos,26
2018,federal,PI,Cristãos,81133,4648253,0.017454514631626117,cristaos_vs_nao_cristaos,22
2018,federal,PI,Não cristãos,4567120,4648253,0.9825454853683738,cristaos_vs_nao_cristaos,22
2018,federal,PR,Cristãos,61317,15149795,0.004047381499221607,cristaos_vs_nao_cristaos,41
2018,federal,PR,Não cristãos,15088478,15149795,0.9959526185007784,cristaos_vs_nao_cristaos,41
2018,federal,RJ,Cristãos,460123,21220278,0.021683174932957995,cristaos_vs_nao_cristaos,33
2018,federal,RJ,Não cristãos,20760155,21220278,0.978316825067042,cristaos_vs_nao_cristaos,33
2018,federal,RN,Cristãos,8304,4419355,0.0018790072306931669,cristaos_vs_nao_cristaos,24
2018,federal,RN,Não cristãos,4411051,4419355,0.9981209927693069,cristaos_vs_nao_cristaos,24
2018,federal,RO,Cristãos,63850,2084902,0.03062494064469217,cristaos_vs_nao_cristaos,11
2018,federal,RO,Não cristãos,2021052,2084902,0.9693750593553079,cristaos_vs_nao_cristaos,11
2018,federal,RR,Cristãos,108449,745305,0.14550955649029593,cristaos_vs_nao_cristaos,14
2018,federal,RR,Não cristãos,636856,745305,0.854490443509704,cristaos_vs_nao_cristaos,14
2018,federal,RS,Cristãos,132148,16053929,0.008231505197263548,cristaos_vs_nao_cristaos,43
2018,federal,RS,Não cristãos,15921781,16053929,0.9917684948027364,cristaos_vs_nao_cristaos,43
2018,federal,SC,Cristãos,1643,9862549,0.00016658979336883395,cristaos_vs_nao_cristaos,42
2018,federal,SC,Não cristãos,9860906,9862549,0.9998334102066312,cristaos_vs_nao_cristaos,42
2018,federal,SE,Cristãos,312928,2714864,0.11526470570901526,cristaos_vs_nao_cristaos,28
2018,federal,SE,Não cristãos,2401936,2714864,0.8847352942909847,cristaos_vs_nao_cristaos,28
2018,federal,SP,Cristãos,527935,54566350,0.009675101963022998,cristaos_vs_nao_cristaos,35
2018,federal,SP,Não cristãos,54038415,54566350,0.990324898036977,cristaos_vs_nao_cristaos,35
2018,federal,TO,Cristãos,10360,1933989,0.005356803994231611,cristaos_vs_nao_cristaos,17
2018,federal,TO,Não cristãos,1923629,1933989,0.9946431960057683,cristaos_vs_nao_cristaos,17
2020,municipal,AC,Cristãos,5559,388182,0.014320602191755414,cristaos_vs_nao_cristaos,12
2020,municipal,AC,Não cristãos,382623,388182,0.9856793978082445,cristaos_vs_nao_cristaos,12
2020,municipal,AL,Cristãos,24069,1480560,0.01625668665910196,cristaos_vs_nao_cristaos,27
2020,municipal,AL,Não cristãos,1456491,1480560,0.983743313340898,cristaos_vs_nao_cristaos,27
2020,municipal,AM,Cristãos,30557,1767155,0.01729163542530225,cristaos_vs_nao_cristaos,13
2020,municipal,AM,Não cristãos,1736598,1767155,0.9827083645746978,cristaos_vs_nao_cristaos,13
2020,municipal,AP,Cristãos,12610,361499,0.03488253079538256,cristaos_vs_nao_cristaos,16
2020,municipal,AP,Não cristãos,348889,361499,0.9651174692046175,cristaos_vs_nao_cristaos,16
2020,municipal,BA,Cristãos,555371,7424829,0.07479916372484807,cristaos_vs_nao_cristaos,29
2020,municipal,BA,Não cristãos,6869458,7424829,0.9252008362751519,cristaos_vs_nao_cristaos,29
2020,municipal,CE,Cristãos,60935,4727172,0.012890370817901274,cristaos_vs_nao_cristaos,23
2020,municipal,CE,Não cristãos,4666237,4727172,0.9871096291820988,cristaos_vs_nao_cristaos,23
2020,municipal,ES,Cristãos,44263,1764787,0.02508121376687385,cristaos_vs_nao_cristaos,32
2020,municipal,ES,Não cristãos,1720524,1764787,0.9749187862331261,cristaos_vs_nao_cristaos,32
2020,municipal,GO,Cristãos,92393,2994944,0.030849658624668774,cristaos_vs_nao_cristaos,52
2020,municipal,GO,Não cristãos,2902551,2994944,0.9691503413753312,cristaos_vs_nao_cristaos,52
2020,municipal,MA,Cristãos,121278,3449012,0.035163113378555946,cristaos_vs_nao_cristaos,21
2020,municipal,MA,Não cristãos,3327734,3449012,0.9648368866214441,cristaos_vs_nao_cristaos,21
2020,municipal,MG,Cristãos,315989,10335608,0.030572850673129245,cristaos_vs_nao_cristaos,31
2020,municipal,MG,Não cristãos,10019619,10335608,0.9694271493268708,cristaos_vs_nao_cristaos,31
2020,municipal,MS,Cristãos,27520,1270808,0.02165551365745258,cristaos_vs_nao_cristaos,50
2020,municipal,MS,Não cristãos,1243288,1270808,0.9783444863425474,cristaos_vs_nao_cristaos,50
2020,municipal,MT,Cristãos,31558,1531187,0.020610154083074112,cristaos_vs_nao_cristaos,51
2020,municipal,MT,Não cristãos,1499629,1531187,0.9793898459169259,cristaos_vs_nao_cristaos,51
2020,municipal,PA,Cristãos,139060,3976813,0.034967699009231766,cristaos_vs_nao_cristaos,15
2020,municipal,PA,Não cristãos,3837753,3976813,0.9650323009907682,cristaos_vs_nao_cristaos,15
2020,municipal,PB,Cristãos,32353,2112424,0.015315580584200898,cristaos_vs_nao_cristaos,25
2020,municipal,PB,Não cristãos,2080071,2112424,0.9846844194157991,cristaos_vs_nao_cristaos,25
2020,municipal,PE,Cristãos,99485,4565374,0.021791204838858765,cristaos_vs_nao_cristaos,26
2020,municipal,PE,Não cristãos,4465889,4565374,0.9782087951611412,cristaos_vs_nao_cristaos,26
2020,municipal,PI,Cristãos,43494,1861308,0.023367438382041018,cristaos_vs_nao_cristaos,22
2020,municipal,PI,Não cristãos,1817814,1861308,0.976632561617959,cristaos_vs_nao_cristaos,22
2020,municipal,PR,Cristãos,106735,5301319,0.02013366862096018,cristaos_vs_nao_cristaos,41
2020,municipal,PR,Não cristãos,5194584,5301319,0.9798663313790398,cristaos_vs_nao_cristaos,41
2020,municipal,RJ,Cristãos,170845,7164261,0.023846841984120903,cristaos_vs_nao_cristaos,33
2020,municipal,RJ,Não cristãos,6993416,7164261,0.9761531580158791,cristaos_vs_nao_cristaos,33
2020,municipal,RN,Cristãos,19591,1768461,0.011077993803651875,cristaos_vs_nao_cristaos,24
2020,municipal,RN,Não cristãos,1748870,1768461,0.9889220061963481,cristaos_vs_nao_cristaos,24
2020,municipal,RO,Cristãos,25219,764285,0.03299685326808716,cristaos_vs_nao_cristaos,11
2020,municipal,RO,Não cristãos,739066,764285,0.9670031467319128,cristaos_vs_nao_cristaos,11
2020,municipal,RR,Cristãos,8826,249223,0.03541406691998732,cristaos_vs_nao_cristaos,14
2020,municipal,RR,Não cristãos,240397,249223,0.9645859330800127,cristaos_vs_nao_cristaos,14
2020,municipal,RS,Cristãos,61204,5581484,0.010965542497300002,cristaos_vs_nao_cristaos,43
2020,municipal,RS,Não cristãos,5520280,5581484,0.9890344575027,cristaos_vs_nao_cristaos,43
2020,municipal,SC,Cristãos,47350,3519403,0.013453986372120499,cristaos_vs_nao_cristaos,42
2020,municipal,SC,Não cristãos,3472053,3519403,0.9865460136278795,cristaos_vs_nao_cristaos,42
2020,municipal,SE,Cristãos,81796,1109589,0.07371738544632292,cristaos_vs_nao_cristaos,28
2020,municipal,SE,Não cristãos,1027793,1109589,0.9262826145536771,cristaos_vs_nao_cristaos,28
2020,municipal,SP,Cristãos,613787,19053713,0.03221351135077977,cristaos_vs_nao_cristaos,35
2020,municipal,SP,Não cristãos,18439926,19053713,0.9677864886492202,cristaos_vs_nao_cristaos,35
2020,municipal,TO,Cristãos,23212,773394,0.03001316276050758,cristaos_vs_nao_cristaos,17
2020,municipal,TO,Não cristãos,750182,773394,0.9699868372394924,cristaos_vs_nao_cristaos,17
2022,estadual,AC,Cristãos,8903,413000,0.021556900726392252,cristaos_vs_nao_cristaos,12
2022,estadual,AC,Não cristãos,404097,413000,0.9784430992736077,cristaos_vs_nao_cristaos,12
2022,estadual,AL,Cristãos,31415,1557341,0.020172203775537922,cristaos_vs_nao_cristaos,27
2022,estadual,AL,Não cristãos,1525926,1557341,0.979827796224462,cristaos_vs_nao_cristaos,27
2022,estadual,AM,Cristãos,48707,1900158,0.025633131560638643,cristaos_vs_nao_cristaos,13
2022,estadual,AM,Não cristãos,1851451,1900158,0.9743668684393614,cristaos_vs_nao_cristaos,13
2022,estadual,AP,Cristãos,25443,413274,0.06156448264347624,cristaos_vs_nao_cristaos,16
2022,estadual,AP,Não cristãos,387831,413274,0.9384355173565238,cristaos_vs_nao_cristaos,16
2022,estadual,BA,Cristãos,442900,7177499,0.06170673099362327,cristaos_vs_nao_cristaos,29
2022,estadual,BA,Não cristãos,6734599,7177499,0.9382932690063768,cristaos_vs_nao_cristaos,29
2022,estadual,CE,Cristãos,55679,4722682,0.011789699158232546,cristaos_vs_nao_cristaos,23
2022,estadual,CE,Não cristãos,4667003,4722682,0.9882103008417674,cristaos_vs_nao_cristaos,23
2022,estadual,DF,Cristãos,79249,1597791,0.04959910276124975,cristaos_vs_nao_cristaos,53
2022,estadual,DF,Não cristãos,1518542,1597791,0.9504008972387502,cristaos_vs_nao_cristaos,53
2022,estadual,ES,Cristãos,40866,1986852,0.0205682154483575,cristaos_vs_nao_cristaos,32
2022,estadual,ES,Não cristãos,1945986,1986852,0.9794317845516425,cristaos_vs_nao_cristaos,32
2022,estadual,GO,Cristãos,67513,3205075,0.021064405669134107,cristaos_vs_nao_cristaos,52
2022,estadual,GO,Não cristãos,3137562,3205075,0.9789355943308659,cristaos_vs_nao_cristaos,52
2022,estadual,MA,Cristãos,119874,3444515,0.034801416164539856,cristaos_vs_nao_cristaos,21
2022,estadual,MA,Não cristãos,3324641,3444515,0.9651985838354602,cristaos_vs_nao_cristaos,21
2022,estadual,MG,Cristãos,189241,10303988,0.018365801668247285,cristaos_vs_nao_cristaos,31
2022,estadual,MG,Não cristãos,10114747,10303988,0.9816341983317527,cristaos_vs_nao_cristaos,31
2022,estadual,MS,Cristãos,13420,1340488,0.010011279474340688,cristaos_vs_nao_cristaos,50
2022,estadual,MS,Não cristãos,1327068,1340488,0.9899887205256593,cristaos_vs_nao_cristaos,50
2022,estadual,MT,Cristãos,10928,1649379,0.006625523909301622,cristaos_vs_nao_cristaos,51
2022,estadual,MT,Não cristãos,1638451,1649379,0.9933744760906984,cristaos_vs_nao_cristaos,51
2022,estadual,PA,Cristãos,55796,4281711,0.013031239147154023,cristaos_vs_nao_cristaos,15
2022,estadual,PA,Não cristãos,4225915,4281711,0.986968760852846,cristaos_vs_nao_cristaos,15
2022,estadual,PB,Cristãos,9685,2092910,0.004627528178469213,cristaos_vs_nao_cristaos,25
2022,estadual,PB,Não cristãos,2083225,2092910,0.9953724718215308,cristaos_vs_nao_cristaos,25
2022,estadual,PE,Cristãos,268044,4669887,0.05739839101031781,cristaos_vs_nao_cristaos,26
2022,estadual,PE,Não cristãos,4401843,4669887,0.9426016089896821,cristaos_vs_nao_cristaos,26
2022,estadual,PI,Cristãos,45355,1824853,0.02485405673772079,cristaos_vs_nao_cristaos,22
2022,estadual,PI,Não cristãos,1779498,1824853,0.9751459432622792,cristaos_vs_nao_cristaos,22
2022,estadual,PR,Cristãos,26327,5695967,0.004622042227421613,cristaos_vs_nao_cristaos,41
2022,estadual,PR,Não cristãos,5669640,5695967,0.9953779577725784,cristaos_vs_nao_cristaos,41
2022,estadual,RJ,Cristãos,48651,8067389,0.006030575691837842,cristaos_vs_nao_cristaos,33
2022,estadual,RJ,Não cristãos,8018738,8067389,0.9939694243081622,cristaos_vs_nao_cristaos,33
2022,estadual,RN,Cristãos,3039,1774846,0.0017122612328055505,cristaos_vs_nao_cristaos,24
2022,estadual,RN,Não cristãos,1771807,1774846,0.9982877387671945,cristaos_vs_nao_cristaos,24
2022,estadual,RO,Cristãos,12243,829476,0.01475992072103352,cristaos_vs_nao_cristaos,11
2022,estadual,RO,Não cristãos,817233,829476,0.9852400792789665,cristaos_vs_nao_cristaos,11
2022,estadual,RR,Cristãos,12331,286631,0.04302046882577251,cristaos_vs_nao_cristaos,14
2022,estadual,RR,Não cristãos,274300,286631,0.9569795311742275,cristaos_vs_nao_cristaos,14
2022,estadual,RS,Cristãos,75924,5800912,0.013088286807315816,cristaos_vs_nao_cristaos,43
2022,estadual,RS,Não cristãos,5724988,5800912,0.9869117131926842,cristaos_vs_nao_cristaos,43
2022,estadual,SC,Cristãos,31752,3808422,0.008337311358877771,cristaos_vs_nao_cristaos,42
2022,estadual,SC,Não cristãos,3776670,3808422,0.9916626886411223,cristaos_vs_nao_cristaos,42
2022,estadual,SE,Cristãos,49716,1144534,0.04343776593792758,cristaos_vs_nao_cristaos,28
2022,estadual,SE,Não cristãos,1094818,1144534,0.9565622340620724,cristaos_vs_nao_cristaos,28
2022,estadual,SP,Cristãos,266880,21444739,0.01244501040558246,cristaos_vs_nao_cristaos,35
2022,estadual,SP,Não cristãos,21177859,21444739,0.9875549895944176,cristaos_vs_nao_cristaos,35
2022,estadual,TO,Cristãos,18181,799848,0.022730568808073535,cristaos_vs_nao_cristaos,17
2022,estadual,TO,Não cristãos,781667,799848,0.9772694311919264,cristaos_vs_nao_cristaos,17
2022,federal,AC,Cristãos,11636,830698,0.014007497309491536,cristaos_vs_nao_cristaos,12
2022,federal,AC,Não cristãos,819062,830698,0.9859925026905084,cristaos_vs_nao_cristaos,12
2022,federal,AL,Cristãos,2262,3080086,0.0007343950785789747,cristaos_vs_nao_cristaos,27
2022,federal,AL,Não cristãos,3077824,3080086,0.999265604921421,cristaos_vs_nao_cristaos,27
2022,federal,AM,Cristãos,10213,3822994,0.0026714663951866,cristaos_vs_nao_cristaos,13
2022,federal,AM,Não cristãos,3812781,3822994,0.9973285336048134,cristaos_vs_nao_cristaos,13
2022,federal,AP,Cristãos,7095,823213,0.008618668558441133,cristaos_vs_nao_cristaos,16
2022,federal,AP,Não cristãos,816118,823213,0.9913813314415588,cristaos_vs_nao_cristaos,16
2022,federal,BA,Cristãos,186130,14839398,0.012542961648444229,cristaos_vs_nao_cristaos,29
2022,federal,BA,Não cristãos,14653268,14839398,0.9874570383515557,cristaos_vs_nao_cristaos,29
2022,federal,CE,Cristãos,21156,9786621,0.0021617267083296676,cristaos_vs_nao_cristaos,23
2022,federal,CE,Não cristãos,9765465,9786621,0.9978382732916703,cristaos_vs_nao_cristaos,23
2022,federal,DF,Cristãos,11135,3126748,0.0035612080026916145,cristaos_vs_nao_cristaos,53
2022,federal,DF,Não cristãos,3115613,3126748,0.9964387919973083,cristaos_vs_nao_cristaos,53
2022,federal,ES,Cristãos,36773,3966008,0.009272043828454203,cristaos_vs_nao_cristaos,32
2022,federal,ES,Não cristãos,3929235,3966008,0.9907279561715457,cristaos_vs_nao_cristaos,32
2022,federal,GO,Cristãos,11695,6483307,0.0018038633678769183,cristaos_vs_nao_cristaos,52
2022,federal,GO,Não cristãos,6471612,6483307,0.998196136632123,cristaos_vs_nao_cristaos,52
2022,federal,MA,Cristãos,144074,6988669,0.02061537039456297,cristaos_vs_nao_cristaos,21
2022,federal,MA,Não cristãos,6844595,6988669,0.979384629605437,cristaos_vs_nao_cristaos,21
2022,federal,MG,Cristãos,234004,21131996,0.011073445215492186,cristaos_vs_nao_cristaos,31
2022,federal,MG,Não cristãos,20897992,21131996,0.9889265547845079,cristaos_vs_nao_cristaos,31
2022,federal,MS,Cristãos,2415,2707348,0.0008920168371409956,cristaos_vs_nao_cristaos,50
2022,federal,MS,Não cristãos,2704933,2707348,0.999107983162859,cristaos_vs_nao_cristaos,50
2022,federal,MT,Cristãos,7193,2962962,0.002427638288982444,cristaos_vs_nao_cristaos,51
2022,federal,MT,Não cristãos,2955769,2962962,0.9975723617110176,cristaos_vs_nao_cristaos,51
2022,federal,PA,Cristãos,163933,8581415,0.019103259777088044,cristaos_vs_nao_cristaos,15
2022,federal,PA,Não cristãos,8417482,8581415,0.980896740222912,cristaos_vs_nao_cristaos,15
2022,federal,PB,Cristãos,44799,4132094,0.010841718508823855,cristaos_vs_nao_cristaos,25
2022,federal,PB,Não cristãos,4087295,4132094,0.9891582814911761,cristaos_vs_nao_cristaos,25
2022,federal,PE,Cristãos,252903,9265293,0.027295736896825604,cristaos_vs_nao_cristaos,26
2022,federal,PE,Não cristãos,9012390,9265293,0.9727042631031744,cristaos_vs_nao_cristaos,26
2022,federal,PI,Cristãos,5737,3743889,0.0015323638067261075,cristaos_vs_nao_cristaos,22
2022,federal,PI,Não cristãos,3738152,3743889,0.9984676361932739,cristaos_vs_nao_cristaos,22
2022,federal,PR,Cristãos,93585,11757303,0.007959733622583343,cristaos_vs_nao_cristaos,41
2022,federal,PR,Não cristãos,11663718,11757303,0.9920402663774167,cristaos_vs_nao_cristaos,41
2022,federal,RJ,Cristãos,186671,14929216,0.012503737637662956,cristaos_vs_nao_cristaos,33
2022,federal,RJ,Não cristãos,14742545,14929216,0.987496262362337,cristaos_vs_nao_cristaos,33
2022,federal,RN,Cristãos,4165,3485506,0.0011949484522476793,cristaos_vs_nao_cristaos,24
2022,federal,RN,Não cristãos,3481341,3485506,0.9988050515477523,cristaos_vs_nao_cristaos,24
2022,federal,RO,Cristãos,32529,1659975,0.019596078254190574,cristaos_vs_nao_cristaos,11
2022,federal,RO,Não cristãos,1627446,1659975,0.9804039217458094,cristaos_vs_nao_cristaos,11
2022,federal,RR,Cristãos,48961,540503,0.09058414106859722,cristaos_vs_nao_cristaos,14
2022,federal,RR,Não cristãos,491542,540503,0.9094158589314028,cristaos_vs_nao_cristaos,14
2022,federal,RS,Cristãos,149413,11802808,0.012659106205913033,cristaos_vs_nao_cristaos,43
2022,federal,RS,Não cristãos,11653395,11802808,0.987340893794087,cristaos_vs_nao_cristaos,43
2022,federal,SC,Cristãos,12827,7549624,0.0016990250110469078,cristaos_vs_nao_cristaos,42
2022,federal,SC,Não cristãos,7536797,7549624,0.9983009749889531,cristaos_vs_nao_cristaos,42
2022,federal,SE,Cristãos,67983,2229720,0.030489478499542543,cristaos_vs_nao_cristaos,28
2022,federal,SE,Não cristãos,2161737,2229720,0.9695105215004575,cristaos_vs_nao_cristaos,28
2022,federal,SP,Cristãos,531268,44355414,0.011977523194800978,cristaos_vs_nao_cristaos,35
2022,federal,SP,Não cristãos,43824146,44355414,0.9880224768051991,cristaos_vs_nao_cristaos,35
2022,federal,TO,Cristãos,41170,1582024,0.026023625431725435,cristaos_vs_nao_cristaos,17
2022,federal,TO,Não cristãos,1540854,1582024,0.9739763745682746,cristaos_vs_nao_cristaos,17
2024,municipal,AC,Cristãos,9141,455606,0.020063388102878364,cristaos_vs_nao_cristaos,12
2024,municipal,AC,Não cristãos,446465,455606,0.9799366118971217,cristaos_vs_nao_cristaos,12
2024,municipal,AL,Cristãos,28390,1809662,0.01568801245757495,cristaos_vs_nao_cristaos,27
2024,municipal,AL,Não cristãos,1781272,1809662,0.9843119875424251,cristaos_vs_nao_cristaos,27
2024,municipal,AM,Cristãos,34779,2100710,0.016555831123762917,cristaos_vs_nao_cristaos,13
2024,municipal,AM,Não cristãos,2065931,2100710,0.9834441688762371,cristaos_vs_nao_cristaos,13
2024,municipal,AP,Cristãos,18437,434543,0.04242848233661571,cristaos_vs_nao_cristaos,16
2024,municipal,AP,Não cristãos,416106,434543,0.9575715176633843,cristaos_vs_nao_cristaos,16
2024,municipal,BA,Cristãos,632645,8509026,0.07434987271163586,cristaos_vs_nao_cristaos,29
2024,municipal,BA,Não cristãos,7876381,8509026,0.9256501272883642,cristaos_vs_nao_cristaos,29
2024,municipal,CE,Cristãos,61404,5466892,0.011231976047816566,cristaos_vs_nao_cristaos,23
2024,municipal,CE,Não cristãos,5405488,5466892,0.9887680239521834,cristaos_vs_nao_cristaos,23
2024,municipal,ES,Cristãos,52953,2098701,0.025231321660398504,cristaos_vs_nao_cristaos,32
2024,municipal,ES,Não cristãos,2045748,2098701,0.9747686783396015,cristaos_vs_nao_cristaos,32
2024,municipal,GO,Cristãos,99212,3341345,0.029692234713865225,cristaos_vs_nao_cristaos,52
2024,municipal,GO,Não cristãos,3242133,3341345,0.9703077652861348,cristaos_vs_nao_cristaos,52
2024,municipal,MA,Cristãos,122350,3949771,0.03097647939589409,cristaos_vs_nao_cristaos,21
2024,municipal,MA,Não cristãos,3827421,3949771,0.9690235206041059,cristaos_vs_nao_cristaos,21
2024,municipal,MG,Cristãos,357407,11273397,0.03170357612705381,cristaos_vs_nao_cristaos,31
2024,municipal,MG,Não cristãos,10915990,11273397,0.9682964238729462,cristaos_vs_nao_cristaos,31
2024,municipal,MS,Cristãos,29433,1414105,0.020813871671481254,cristaos_vs_nao_cristaos,50
2024,municipal,MS,Não cristãos,1384672,1414105,0.9791861283285187,cristaos_vs_nao_cristaos,50
2024,municipal,MT,Cristãos,39597,1808522,0.021894674214634934,cristaos_vs_nao_cristaos,51
2024,municipal,MT,Não cristãos,1768925,1808522,0.978105325785365,cristaos_vs_nao_cristaos,51
2024,municipal,PA,Cristãos,136871,4520626,0.030277001459532375,cristaos_vs_nao_cristaos,15
2024,municipal,PA,Não cristãos,4383755,4520626,0.9697229985404676,cristaos_vs_nao_cristaos,15
2024,municipal,PB,Cristãos,30457,2516890,0.01210104533769851,cristaos_vs_nao_cristaos,25
2024,municipal,PB,Não cristãos,2486433,2516890,0.9878989546623015,cristaos_vs_nao_cristaos,25
2024,municipal,PE,Cristãos,98207,5343410,0.018379087511532898,cristaos_vs_nao_cristaos,26
2024,municipal,PE,Não cristãos,5245203,5343410,0.9816209124884671,cristaos_vs_nao_cristaos,26
2024,municipal,PI,Cristãos,39764,2144395,0.01854322547851492,cristaos_vs_nao_cristaos,22
2024,municipal,PI,Não cristãos,2104631,2144395,0.981456774521485,cristaos_vs_nao_cristaos,22
2024,municipal,PR,Cristãos,115178,5930854,0.019420137470927457,cristaos_vs_nao_cristaos,41
2024,municipal,PR,Não cristãos,5815676,5930854,0.9805798625290726,cristaos_vs_nao_cristaos,41
2024,municipal,RJ,Cristãos,178312,8395523,0.021238938896361786,cristaos_vs_nao_cristaos,33
2024,municipal,RJ,Não cristãos,8217211,8395523,0.9787610611036383,cristaos_vs_nao_cristaos,33
2024,municipal,RN,Cristãos,14607,2050867,0.00712235361922543,cristaos_vs_nao_cristaos,24
2024,municipal,RN,Não cristãos,2036260,2050867,0.9928776463807746,cristaos_vs_nao_cristaos,24
2024,municipal,RO,Cristãos,34984,875344,0.03996600193752399,cristaos_vs_nao_cristaos,11
2024,municipal,RO,Não cristãos,840360,875344,0.960033998062476,cristaos_vs_nao_cristaos,11
2024,municipal,RR,Cristãos,13126,304560,0.04309824008405569,cristaos_vs_nao_cristaos,14
2024,municipal,RR,Não cristãos,291434,304560,0.9569017599159443,cristaos_vs_nao_cristaos,14
2024,municipal,RS,Cristãos,61172,5959379,0.0102648279292188,cristaos_vs_nao_cristaos,43
2024,municipal,RS,Não cristãos,5898207,5959379,0.9897351720707812,cristaos_vs_nao_cristaos,43
2024,municipal,SC,Cristãos,64078,4013282,0.015966483292228155,cristaos_vs_nao_cristaos,42
2024,municipal,SC,Não cristãos,3949204,4013282,0.9840335167077718,cristaos_vs_nao_cristaos,42
2024,municipal,SE,Cristãos,93445,1314609,0.07108197190191153,cristaos_vs_nao_cristaos,28
2024,municipal,SE,Não cristãos,1221164,1314609,0.9289180280980884,cristaos_vs_nao_cristaos,28
2024,municipal,SP,Cristãos,614130,21417790,0.028673826758036192,cristaos_vs_nao_cristaos,35
2024,municipal,SP,Não cristãos,20803660,21417790,0.9713261732419638,cristaos_vs_nao_cristaos,35
2024,municipal,TO,Cristãos,35369,925392,0.03822055950343206,cristaos_vs_nao_cristaos,17
2024,municipal,TO,Não cristãos,890023,925392,0.9617794404965679,cristaos_vs_nao_cristaos,17
2012,municipal,AC,Direita,4677,8366,0.5590485297633278,cristaos_direita_vs_esquerda,12
2012,municipal,AC,Esquerda,3689,8366,0.44095147023667225,cristaos_direita_vs_esquerda,12
2012,municipal,AL,Direita,21166,27613,0.7665230145221453,cristaos_direita_vs_esquerda,27
2012,municipal,AL,Esquerda,6447,27613,0.23347698547785464,cristaos_direita_vs_esquerda,27
2012,municipal,AM,Direita,16720,20908,0.7996938970728907,cristaos_direita_vs_esquerda,13
2012,municipal,AM,Esquerda,4188,20908,0.20030610292710924,cristaos_direita_vs_esquerda,13
2012,municipal,AP,Direita,6907,14333,0.4818949277890183,cristaos_direita_vs_esquerda,16
2012,municipal,AP,Esquerda,7426,14333,0.5181050722109817,cristaos_direita_vs_esquerda,16
2012,municipal,BA,Direita,171828,299088,0.5745064997592682,cristaos_direita_vs_esquerda,29
2012,municipal,BA,Esquerda,127260,299088,0.42549350024073185,cristaos_direita_vs_esquerda,29
2012,municipal,CE,Direita,16296,28482,0.572150832104487,cristaos_direita_vs_esquerda,23
2012,municipal,CE,Esquerda,12186,28482,0.42784916789551297,cristaos_direita_vs_esquerda,23
2012,municipal,ES,Direita,24759,41011,0.6037160761746848,cristaos_direita_vs_esquerda,32
2012,municipal,ES,Esquerda,16252,41011,0.39628392382531513,cristaos_direita_vs_esquerda,32
2012,municipal,GO,Direita,62021,76815,0.8074074074074075,cristaos_direita_vs_esquerda,52
2012,municipal,GO,Esquerda,14794,76815,0.1925925925925926,cristaos_direita_vs_esquerda,52
2012,municipal,MA,Direita,45504,74173,0.6134846911949092,cristaos_direita_vs_esquerda,21
2012,municipal,MA,Esquerda,28669,74173,0.3865153088050908,cristaos_direita_vs_esquerda,21
2012,municipal,MG,Direita,175564,268696,0.6533926816923215,cristaos_direita_vs_esquerda,31
2012,municipal,MG,Esquerda,93132,268696,0.34660731830767855,cristaos_direita_vs_esquerda,31
2012,municipal,MS,Direita,15697,23682,0.6628240858035639,cristaos_direita_vs_esquerda,50
2012,municipal,MS,Esquerda,7985,23682,0.3371759141964361,cristaos_direita_vs_esquerda,50
2012,municipal,MT,Direita,15585,24852,0.6271125060357315,cristaos_direita_vs_esquerda,51
2012,municipal,MT,Esquerda,9267,24852,0.37288749396426846,cristaos_direita_vs_esquerda,51
2012,municipal,PA,Direita,66524,89831,0.7405461366343468,cristaos_direita_vs_esquerda,15
2012,municipal,PA,Esquerda,23307,89831,0.2594538633656533,cristaos_direita_vs_esquerda,15
2012,municipal,PB,Direita,17806,22829,0.7799728415611722,cristaos_direita_vs_esquerda,25
2012,municipal,PB,Esquerda,5023,22829,0.2200271584388278,cristaos_direita_vs_esquerda,25
2012,municipal,PE,Direita,50243,60422,0.8315348714044554,cristaos_direita_vs_esquerda,26
2012,municipal,PE,Esquerda,10179,60422,0.16846512859554466,cristaos_direita_vs_esquerda,26
2012,municipal,PI,Direita,18324,24167,0.7582240244962138,cristaos_direita_vs_esquerda,22
2012,municipal,PI,Esquerda,5843,24167,0.24177597550378616,cristaos_direita_vs_esquerda,22
2012,municipal,PR,Direita,74748,97618,0.7657194369890798,cristaos_direita_vs_esquerda,41
2012,municipal,PR,Esquerda,22870,97618,0.23428056301092012,cristaos_direita_vs_esquerda,41
2012,municipal,RJ,Direita,86525,124159,0.696888666951248,cristaos_direita_vs_esquerda,33
2012,municipal,RJ,Esquerda,37634,124159,0.303111333048752,cristaos_direita_vs_esquerda,33
2012,municipal,RN,Direita,6756,13582,0.49742305993226327,cristaos_direita_vs_esquerda,24
2012,municipal,RN,Esquerda,6826,13582,0.5025769400677367,cristaos_direita_vs_esquerda,24
2012,municipal,RO,Direita,12234,18576,0.6585917312661499,cristaos_direita_vs_esquerda,11
2012,municipal,RO,Esquerda,6342,18576,0.3414082687338501,cristaos_direita_vs_esquerda,11
2012,municipal,RR,Direita,4540,6299,0.7207493252897286,cristaos_direita_vs_esquerda,14
2012,municipal,RR,Esquerda,1759,6299,0.2792506747102715,cristaos_direita_vs_esquerda,14
2012,municipal,RS,Direita,49283,77067,0.6394825281897569,cristaos_direita_vs_esquerda,43
2012,municipal,RS,Esquerda,27784,77067,0.360517471810243,cristaos_direita_vs_esquerda,43
2012,municipal,SC,Direita,26336,35532,0.7411910390633795,cristaos_direita_vs_esquerda,42
2012,municipal,SC,Esquerda,9196,35532,0.25880896093662054,cristaos_direita_vs_esquerda,42
2012,municipal,SE,Direita,48353,62579,0.7726713434219147,cristaos_direita_vs_esquerda,28
2012,municipal,SE,Esquerda,14226,62579,0.2273286565780853,cristaos_direita_vs_esquerda,28
2012,municipal,SP,Direita,405514,554470,0.7313542662362256,cristaos_direita_vs_esquerda,35
2012,municipal,SP,Esquerda,148956,554470,0.26864573376377443,cristaos_direita_vs_esquerda,35
2012,municipal,TO,Direita,11496,14602,0.787289412409259,cristaos_direita_vs_esquerda,17
2012,municipal,TO,Esquerda,3106,14602,0.212710587590741,cristaos_direita_vs_esquerda,17
2014,estadual,AC,Direita,1791,5489,0.32628894151940246,cristaos_direita_vs_esquerda,12
2014,estadual,AC,Esquerda,3698,5489,0.6737110584805975,cristaos_direita_vs_esquerda,12
2014,estadual,AL,Direita,53053,53374,0.9939858358002024,cristaos_direita_vs_esquerda,27
2014,estadual,AL,Esquerda,321,53374,0.006014164199797654,cristaos_direita_vs_esquerda,27
2014,estadual,AM,Direita,41877,42989,0.9741329177231385,cristaos_direita_vs_esquerda,13
2014,estadual,AM,Esquerda,1112,42989,0.025867082276861523,cristaos_direita_vs_esquerda,13
2014,estadual,AP,Direita,8365,8906,0.9392544352122165,cristaos_direita_vs_esquerda,16
2014,estadual,AP,Esquerda,541,8906,0.060745564787783514,cristaos_direita_vs_esquerda,16
2014,estadual,BA,Direita,302453,403619,0.7493527311647866,cristaos_direita_vs_esquerda,29
2014,estadual,BA,Esquerda,101166,403619,0.25064726883521343,cristaos_direita_vs_esquerda,29
2014,estadual,CE,Direita,13881,13881,1.0,cristaos_direita_vs_esquerda,23
2014,estadual,DF,Direita,34873,39072,0.8925317362817363,cristaos_direita_vs_esquerda,53
2014,estadual,DF,Esquerda,4199,39072,0.10746826371826372,cristaos_direita_vs_esquerda,53
2014,estadual,ES,Direita,27688,58139,0.4762379813894288,cristaos_direita_vs_esquerda,32
2014,estadual,ES,Esquerda,30451,58139,0.5237620186105713,cristaos_direita_vs_esquerda,32
2014,estadual,GO,Direita,73636,80576,0.9138701350277998,cristaos_direita_vs_esquerda,52
2014,estadual,GO,Esquerda,6940,80576,0.08612986497220015,cristaos_direita_vs_esquerda,52
2014,estadual,MA,Direita,38163,39117,0.9756116266584861,cristaos_direita_vs_esquerda,21
2014,estadual,MA,Esquerda,954,39117,0.02438837334151392,cristaos_direita_vs_esquerda,21
2014,estadual,MG,Direita,2273,35469,0.06408412980349038,cristaos_direita_vs_esquerda,31
2014,estadual,MG,Esquerda,33196,35469,0.9359158701965097,cristaos_direita_vs_esquerda,31
2014,estadual,MS,Direita,1989,3232,0.6154084158415841,cristaos_direita_vs_esquerda,50
2014,estadual,MS,Esquerda,1243,3232,0.3845915841584158,cristaos_direita_vs_esquerda,50
2014,estadual,MT,Direita,786,1297,0.6060138781804163,cristaos_direita_vs_esquerda,51
2014,estadual,MT,Esquerda,511,1297,0.39398612181958365,cristaos_direita_vs_esquerda,51
2014,estadual,PA,Direita,14376,34060,0.42207868467410453,cristaos_direita_vs_esquerda,15
2014,estadual,PA,Esquerda,19684,34060,0.5779213153258955,cristaos_direita_vs_esquerda,15
2014,estadual,PB,Direita,5392,30216,0.17844850410378607,cristaos_direita_vs_esquerda,25
2014,estadual,PB,Esquerda,24824,30216,0.8215514958962139,cristaos_direita_vs_esquerda,25
2014,estadual,PE,Direita,269747,428775,0.629110839018133,cristaos_direita_vs_esquerda,26
2014,estadual,PE,Esquerda,159028,428775,0.37088916098186697,cristaos_direita_vs_esquerda,26
2014,estadual,PI,Direita,25914,38497,0.6731433618204016,cristaos_direita_vs_esquerda,22
2014,estadual,PI,Esquerda,12583,38497,0.3268566381795984,cristaos_direita_vs_esquerda,22
2014,estadual,PR,Direita,100363,100807,0.9955955439602409,cristaos_direita_vs_esquerda,41
2014,estadual,PR,Esquerda,444,100807,0.004404456039759144,cristaos_direita_vs_esquerda,41
2014,estadual,RJ,Direita,44020,45134,0.9753179421278858,cristaos_direita_vs_esquerda,33
2014,estadual,RJ,Esquerda,1114,45134,0.02468205787211415,cristaos_direita_vs_esquerda,33
2014,estadual,RN,Direita,175,26414,0.0066252744756568486,cristaos_direita_vs_esquerda,24
2014,estadual,RN,Esquerda,26239,26414,0.9933747255243431,cristaos_direita_vs_esquerda,24
2014,estadual,RO,Direita,4932,9127,0.5403747123918046,cristaos_direita_vs_esquerda,11
2014,estadual,RO,Esquerda,4195,9127,0.4596252876081955,cristaos_direita_vs_esquerda,11
2014,estadual,RR,Direita,8681,10943,0.7932925157635018,cristaos_direita_vs_esquerda,14
2014,estadual,RR,Esquerda,2262,10943,0.2067074842364982,cristaos_direita_vs_esquerda,14
2014,estadual,RS,Direita,80975,94863,0.8535994012417908,cristaos_direita_vs_esquerda,43
2014,estadual,RS,Esquerda,13888,94863,0.1464005987582092,cristaos_direita_vs_esquerda,43
2014,estadual,SC,Direita,29852,83637,0.3569233712352189,cristaos_direita_vs_esquerda,42
2014,estadual,SC,Esquerda,53785,83637,0.6430766287647811,cristaos_direita_vs_esquerda,42
2014,estadual,SE,Direita,70286,86196,0.8154206691725834,cristaos_direita_vs_esquerda,28
2014,estadual,SE,Esquerda,15910,86196,0.1845793308274166,cristaos_direita_vs_esquerda,28
2014,estadual,SP,Direita,217225,417309,0.5205375393293699,cristaos_direita_vs_esquerda,35
2014,estadual,SP,Esquerda,200084,417309,0.47946246067063014,cristaos_direita_vs_esquerda,35
2014,estadual,TO,Direita,15949,16196,0.9847493208199556,cristaos_direita_vs_esquerda,17
2014,estadual,TO,Esquerda,247,16196,0.015250679180044455,cristaos_direita_vs_esquerda,17
2014,federal,AL,Direita,15388,15388,1.0,cristaos_direita_vs_esquerda,27
2014,federal,AM,Direita,50707,51186,0.990641972414332,cristaos_direita_vs_esquerda,13
2014,federal,AM,Esquerda,479,51186,0.009358027585667957,cristaos_direita_vs_esquerda,13
2014,federal,AP,Esquerda,8085,8085,1.0,cristaos_direita_vs_esquerda,16
2014,federal,BA,Direita,17341,42401,0.4089762033914294,cristaos_direita_vs_esquerda,29
2014,federal,BA,Esquerda,25060,42401,0.5910237966085705,cristaos_direita_vs_esquerda,29
2014,federal,DF,Direita,958,2792,0.3431232091690544,cristaos_direita_vs_esquerda,53
2014,federal,DF,Esquerda,1834,2792,0.6568767908309455,cristaos_direita_vs_esquerda,53
2014,federal,ES,Direita,6339,7865,0.8059758423394787,cristaos_direita_vs_esquerda,32
2014,federal,ES,Esquerda,1526,7865,0.1940241576605213,cristaos_direita_vs_esquerda,32
2014,federal,GO,Direita,26439,26439,1.0,cristaos_direita_vs_esquerda,52
2014,federal,MA,Direita,21402,21468,0.9969256567915036,cristaos_direita_vs_esquerda,21
2014,federal,MA,Esquerda,66,21468,0.0030743432084963667,cristaos_direita_vs_esquerda,21
2014,federal,MG,Direita,28673,147274,0.194691527357171,cristaos_direita_vs_esquerda,31
2014,federal,MG,Esquerda,118601,147274,0.805308472642829,cristaos_direita_vs_esquerda,31
2014,federal,MS,Direita,239316,239316,1.0,cristaos_direita_vs_esquerda,50
2014,federal,MT,Direita,737,737,1.0,cristaos_direita_vs_esquerda,51
2014,federal,PA,Direita,535,40871,0.01308996599055565,cristaos_direita_vs_esquerda,15
2014,federal,PA,Esquerda,40336,40871,0.9869100340094443,cristaos_direita_vs_esquerda,15
2014,federal,PB,Direita,36745,36745,1.0,cristaos_direita_vs_esquerda,25
2014,federal,PE,Direita,12065,245827,0.04907923051576922,cristaos_direita_vs_esquerda,26
2014,federal,PE,Esquerda,233762,245827,0.9509207694842308,cristaos_direita_vs_esquerda,26
2014,federal,PI,Esquerda,828,828,1.0,cristaos_direita_vs_esquerda,22
2014,federal,PR,Direita,41028,74453,0.5510590573919116,cristaos_direita_vs_esquerda,41
2014,federal,PR,Esquerda,33425,74453,0.4489409426080883,cristaos_direita_vs_esquerda,41
2014,federal,RJ,Direita,44966,46342,0.97030771222649,cristaos_direita_vs_esquerda,33
2014,federal,RJ,Esquerda,1376,46342,0.02969228777350999,cristaos_direita_vs_esquerda,33
2014,federal,RO,Esquerda,24696,24696,1.0,cristaos_direita_vs_esquerda,11
2014,federal,RR,Direita,33590,33590,1.0,cristaos_direita_vs_esquerda,14
2014,federal,RS,Direita,230419,230530,0.9995185008458769,cristaos_direita_vs_esquerda,43
2014,federal,RS,Esquerda,111,230530,0.00048149915412310765,cristaos_direita_vs_esquerda,43
2014,federal,SC,Direita,24884,35004,0.7108901839789739,cristaos_direita_vs_esquerda,42
2014,federal,SC,Esquerda,10120,35004,0.28910981602102614,cristaos_direita_vs_esquerda,42
2014,federal,SE,Direita,54611,54611,1.0,cristaos_direita_vs_esquerda,28
2014,federal,SP,Direita,729391,840456,0.8678514996620882,cristaos_direita_vs_esquerda,35
2014,federal,SP,Esquerda,111065,840456,0.1321485003379118,cristaos_direita_vs_esquerda,35
2014,federal,TO,Direita,29663,29663,1.0,cristaos_direita_vs_esquerda,17
2016,municipal,AC,Direita,4915,9431,0.5211536422436646,cristaos_direita_vs_esquerda,12
2016,municipal,AC,Esquerda,4516,9431,0.4788463577563355,cristaos_direita_vs_esquerda,12
2016,municipal,AL,Direita,10631,12952,0.820799876466955,cristaos_direita_vs_esquerda,27
2016,municipal,AL,Esquerda,2321,12952,0.1792001235330451,cristaos_direita_vs_esquerda,27
2016,municipal,AM,Direita,14460,20210,0.7154873824839189,cristaos_direita_vs_esquerda,13
2016,municipal,AM,Esquerda,5750,20210,0.28451261751608115,cristaos_direita_vs_esquerda,13
2016,municipal,AP,Direita,1653,6509,0.25395606083883854,cristaos_direita_vs_esquerda,16
2016,municipal,AP,Esquerda,4856,6509,0.7460439391611615,cristaos_direita_vs_esquerda,16
2016,municipal,BA,Direita,246541,345147,0.714307237206176,cristaos_direita_vs_esquerda,29
2016,municipal,BA,Esquerda,98606,345147,0.2856927627938241,cristaos_direita_vs_esquerda,29
2016,municipal,CE,Direita,28035,38400,0.730078125,cristaos_direita_vs_esquerda,23
2016,municipal,CE,Esquerda,10365,38400,0.269921875,cristaos_direita_vs_esquerda,23
2016,municipal,ES,Direita,18138,24358,0.7446424172756384,cristaos_direita_vs_esquerda,32
2016,municipal,ES,Esquerda,6220,24358,0.2553575827243616,cristaos_direita_vs_esquerda,32
2016,municipal,GO,Direita,47439,64540,0.7350325379609545,cristaos_direita_vs_esquerda,52
2016,municipal,GO,Esquerda,17101,64540,0.26496746203904553,cristaos_direita_vs_esquerda,52
2016,municipal,MA,Direita,49317,76076,0.6482596351017403,cristaos_direita_vs_esquerda,21
2016,municipal,MA,Esquerda,26759,76076,0.35174036489825966,cristaos_direita_vs_esquerda,21
2016,municipal,MG,Direita,182398,254047,0.7179695095789361,cristaos_direita_vs_esquerda,31
2016,municipal,MG,Esquerda,71649,254047,0.2820304904210638,cristaos_direita_vs_esquerda,31
2016,municipal,MS,Direita,11117,18676,0.595255943456843,cristaos_direita_vs_esquerda,50
2016,municipal,MS,Esquerda,7559,18676,0.404744056543157,cristaos_direita_vs_esquerda,50
2016,municipal,MT,Direita,12020,17163,0.7003437627454407,cristaos_direita_vs_esquerda,51
2016,municipal,MT,Esquerda,5143,17163,0.2996562372545592,cristaos_direita_vs_esquerda,51
2016,municipal,PA,Direita,82225,106856,0.769493523994909,cristaos_direita_vs_esquerda,15
2016,municipal,PA,Esquerda,24631,106856,0.23050647600509097,cristaos_direita_vs_esquerda,15
2016,municipal,PB,Direita,15550,19460,0.7990750256937307,cristaos_direita_vs_esquerda,25
2016,municipal,PB,Esquerda,3910,19460,0.20092497430626927,cristaos_direita_vs_esquerda,25
2016,municipal,PE,Direita,36461,51195,0.7121984568805547,cristaos_direita_vs_esquerda,26
2016,municipal,PE,Esquerda,14734,51195,0.2878015431194453,cristaos_direita_vs_esquerda,26
2016,municipal,PI,Direita,18803,26586,0.707251937109757,cristaos_direita_vs_esquerda,22
2016,municipal,PI,Esquerda,7783,26586,0.29274806289024297,cristaos_direita_vs_esquerda,22
2016,municipal,PR,Direita,55869,72260,0.7731663437586493,cristaos_direita_vs_esquerda,41
2016,municipal,PR,Esquerda,16391,72260,0.22683365624135068,cristaos_direita_vs_esquerda,41
2016,municipal,RJ,Direita,124350,161852,0.7682944912636236,cristaos_direita_vs_esquerda,33
2016,municipal,RJ,Esquerda,37502,161852,0.23170550873637644,cristaos_direita_vs_esquerda,33
2016,municipal,RN,Direita,12159,13054,0.9314386394974721,cristaos_direita_vs_esquerda,24
2016,municipal,RN,Esquerda,895,13054,0.06856136050252797,cristaos_direita_vs_esquerda,24
2016,municipal,RO,Direita,11589,19235,0.6024954510007798,cristaos_direita_vs_esquerda,11
2016,municipal,RO,Esquerda,7646,19235,0.39750454899922016,cristaos_direita_vs_esquerda,11
2016,municipal,RR,Direita,3119,3356,0.9293802145411204,cristaos_direita_vs_esquerda,14
2016,municipal,RR,Esquerda,237,3356,0.07061978545887962,cristaos_direita_vs_esquerda,14
2016,municipal,RS,Direita,41328,69814,0.5919729567135531,cristaos_direita_vs_esquerda,43
2016,municipal,RS,Esquerda,28486,69814,0.40802704328644684,cristaos_direita_vs_esquerda,43
2016,municipal,SC,Direita,29591,34204,0.8651327330136827,cristaos_direita_vs_esquerda,42
2016,municipal,SC,Esquerda,4613,34204,0.1348672669863174,cristaos_direita_vs_esquerda,42
2016,municipal,SE,Direita,32732,53153,0.6158071980885369,cristaos_direita_vs_esquerda,28
2016,municipal,SE,Esquerda,20421,53153,0.38419280191146316,cristaos_direita_vs_esquerda,28
2016,municipal,SP,Direita,368490,456070,0.8079680750761944,cristaos_direita_vs_esquerda,35
2016,municipal,SP,Esquerda,87580,456070,0.19203192492380555,cristaos_direita_vs_esquerda,35
2016,municipal,TO,Direita,11014,13797,0.79828948322099,cristaos_direita_vs_esquerda,17
2016,municipal,TO,Esquerda,2783,13797,0.20171051677900992,cristaos_direita_vs_esquerda,17
2018,estadual,AC,Direita,7299,7706,0.947184012457825,cristaos_direita_vs_esquerda,12
2018,estadual,AC,Esquerda,407,7706,0.05281598754217493,cristaos_direita_vs_esquerda,12
2018,estadual,AL,Direita,27368,28183,0.9710818578575737,cristaos_direita_vs_esquerda,27
2018,estadual,AL,Esquerda,815,28183,0.028918142142426287,cristaos_direita_vs_esquerda,27
2018,estadual,AM,Direita,20855,22137,0.9420879071238198,cristaos_direita_vs_esquerda,13
2018,estadual,AM,Esquerda,1282,22137,0.05791209287618015,cristaos_direita_vs_esquerda,13
2018,estadual,AP,Direita,8909,12727,0.700007857311228,cristaos_direita_vs_esquerda,16
2018,estadual,AP,Esquerda,3818,12727,0.2999921426887719,cristaos_direita_vs_esquerda,16
2018,estadual,BA,Direita,105581,228047,0.4629791227247015,cristaos_direita_vs_esquerda,29
2018,estadual,BA,Esquerda,122466,228047,0.5370208772752985,cristaos_direita_vs_esquerda,29
2018,estadual,CE,Direita,41973,43152,0.9726779755283649,cristaos_direita_vs_esquerda,23
2018,estadual,CE,Esquerda,1179,43152,0.02732202447163515,cristaos_direita_vs_esquerda,23
2018,estadual,DF,Direita,36578,38207,0.9573638338524354,cristaos_direita_vs_esquerda,53
2018,estadual,DF,Esquerda,1629,38207,0.04263616614756458,cristaos_direita_vs_esquerda,53
2018,estadual,ES,Direita,36205,54456,0.6648486851770237,cristaos_direita_vs_esquerda,32
2018,estadual,ES,Esquerda,18251,54456,0.33515131482297633,cristaos_direita_vs_esquerda,32
2018,estadual,GO,Direita,31856,32776,0.9719306809860874,cristaos_direita_vs_esquerda,52
2018,estadual,GO,Esquerda,920,32776,0.02806931901391262,cristaos_direita_vs_esquerda,52
2018,estadual,MA,Direita,115141,115141,1.0,cristaos_direita_vs_esquerda,21
2018,estadual,MG,Direita,42126,77890,0.5408396456541276,cristaos_direita_vs_esquerda,31
2018,estadual,MG,Esquerda,35764,77890,0.4591603543458724,cristaos_direita_vs_esquerda,31
2018,estadual,MS,Esquerda,5591,5591,1.0,cristaos_direita_vs_esquerda,50
2018,estadual,MT,Direita,5073,11573,0.4383478786831418,cristaos_direita_vs_esquerda,51
2018,estadual,MT,Esquerda,6500,11573,0.5616521213168582,cristaos_direita_vs_esquerda,51
2018,estadual,PA,Direita,10336,38596,0.26779977199709815,cristaos_direita_vs_esquerda,15
2018,estadual,PA,Esquerda,28260,38596,0.7322002280029019,cristaos_direita_vs_esquerda,15
2018,estadual,PB,Direita,1318,2081,0.6333493512734263,cristaos_direita_vs_esquerda,25
2018,estadual,PB,Esquerda,763,2081,0.36665064872657377,cristaos_direita_vs_esquerda,25
2018,estadual,PE,Direita,117401,121082,0.9695991146495763,cristaos_direita_vs_esquerda,26
2018,estadual,PE,Esquerda,3681,121082,0.03040088535042368,cristaos_direita_vs_esquerda,26
2018,estadual,PI,Direita,28453,48818,0.5828382973493383,cristaos_direita_vs_esquerda,22
2018,estadual,PI,Esquerda,20365,48818,0.41716170265066166,cristaos_direita_vs_esquerda,22
2018,estadual,PR,Direita,56301,62035,0.9075683082131055,cristaos_direita_vs_esquerda,41
2018,estadual,PR,Esquerda,5734,62035,0.09243169178689449,cristaos_direita_vs_esquerda,41
2018,estadual,RJ,Direita,50082,98376,0.5090875823371555,cristaos_direita_vs_esquerda,33
2018,estadual,RJ,Esquerda,48294,98376,0.4909124176628446,cristaos_direita_vs_esquerda,33
2018,estadual,RN,Direita,23523,30411,0.7735030087797179,cristaos_direita_vs_esquerda,24
2018,estadual,RN,Esquerda,6888,30411,0.22649699122028213,cristaos_direita_vs_esquerda,24
2018,estadual,RO,Direita,23754,24528,0.9684442270058709,cristaos_direita_vs_esquerda,11
2018,estadual,RO,Esquerda,774,24528,0.03155577299412916,cristaos_direita_vs_esquerda,11
2018,estadual,RR,Direita,751,3802,0.19752761704366123,cristaos_direita_vs_esquerda,14
2018,estadual,RR,Esquerda,3051,3802,0.8024723829563387,cristaos_direita_vs_esquerda,14
2018,estadual,RS,Direita,25500,28399,0.8979189408077749,cristaos_direita_vs_esquerda,43
2018,estadual,RS,Esquerda,2899,28399,0.10208105919222508,cristaos_direita_vs_esquerda,43
2018,estadual,SC,Direita,7572,42756,0.1770979511647488,cristaos_direita_vs_esquerda,42
2018,estadual,SC,Esquerda,35184,42756,0.8229020488352512,cristaos_direita_vs_esquerda,42
2018,estadual,SE,Direita,20583,22733,0.9054238331940351,cristaos_direita_vs_esquerda,28
2018,estadual,SE,Esquerda,2150,22733,0.0945761668059649,cristaos_direita_vs_esquerda,28
2018,estadual,SP,Direita,145675,226899,0.6420257471385947,cristaos_direita_vs_esquerda,35
2018,estadual,SP,Esquerda,81224,226899,0.3579742528614053,cristaos_direita_vs_esquerda,35
2018,estadual,TO,Direita,6772,15947,0.4246566752367216,cristaos_direita_vs_esquerda,17
2018,estadual,TO,Esquerda,9175,15947,0.5753433247632783,cristaos_direita_vs_esquerda,17
2018,federal,AC,Direita,5,9927,0.0005036768409388536,cristaos_direita_vs_esquerda,12
2018,federal,AC,Esquerda,9922,9927,0.9994963231590611,cristaos_direita_vs_esquerda,12
2018,federal,AL,Direita,1481,1481,1.0,cristaos_direita_vs_esquerda,27
2018,federal,AM,Direita,5234,6481,0.8075914210769943,cristaos_direita_vs_esquerda,13
2018,federal,AM,Esquerda,1247,6481,0.1924085789230057,cristaos_direita_vs_esquerda,13
2018,federal,AP,Direita,6747,7179,0.9398244880902633,cristaos_direita_vs_esquerda,16
2018,federal,AP,Esquerda,432,7179,0.06017551190973673,cristaos_direita_vs_esquerda,16
2018,federal,BA,Direita,30139,52256,0.5767567360685855,cristaos_direita_vs_esquerda,29
2018,federal,BA,Esquerda,22117,52256,0.4232432639314146,cristaos_direita_vs_esquerda,29
2018,federal,CE,Direita,336740,487384,0.6909131198397978,cristaos_direita_vs_esquerda,23
2018,federal,CE,Esquerda,150644,487384,0.30908688016020225,cristaos_direita_vs_esquerda,23
2018,federal,ES,Direita,53860,61406,0.8771129857017229,cristaos_direita_vs_esquerda,32
2018,federal,ES,Esquerda,7546,61406,0.12288701429827704,cristaos_direita_vs_esquerda,32
2018,federal,MA,Direita,10212,10212,1.0,cristaos_direita_vs_esquerda,21
2018,federal,MG,Direita,133803,279351,0.4789780598601759,cristaos_direita_vs_esquerda,31
2018,federal,MG,Esquerda,145548,279351,0.5210219401398241,cristaos_direita_vs_esquerda,31
2018,federal,MS,Esquerda,810,810,1.0,cristaos_direita_vs_esquerda,50
2018,federal,MT,Direita,9987,11310,0.8830238726790451,cristaos_direita_vs_esquerda,51
2018,federal,MT,Esquerda,1323,11310,0.1169761273209549,cristaos_direita_vs_esquerda,51
2018,federal,PA,Direita,4251,4251,1.0,cristaos_direita_vs_esquerda,15
2018,federal,PB,Direita,29803,121211,0.24587702436247535,cristaos_direita_vs_esquerda,25
2018,federal,PB,Esquerda,91408,121211,0.7541229756375246,cristaos_direita_vs_esquerda,25
2018,federal,PE,Direita,199787,391605,0.5101747934781221,cristaos_direita_vs_esquerda,26
2018,federal,PE,Esquerda,191818,391605,0.4898252065218779,cristaos_direita_vs_esquerda,26
2018,federal,PI,Direita,4660,81133,0.05743655479274771,cristaos_direita_vs_esquerda,22
2018,federal,PI,Esquerda,76473,81133,0.9425634452072523,cristaos_direita_vs_esquerda,22
2018,federal,PR,Direita,22241,22482,0.9892803131394005,cristaos_direita_vs_esquerda,41
2018,federal,PR,Esquerda,241,22482,0.01071968686059959,cristaos_direita_vs_esquerda,41
2018,federal,RJ,Direita,404440,445897,0.9070256135385526,cristaos_direita_vs_esquerda,33
2018,federal,RJ,Esquerda,41457,445897,0.09297438646144737,cristaos_direita_vs_esquerda,33
2018,federal,RN,Esquerda,8304,8304,1.0,cristaos_direita_vs_esquerda,24
2018,federal,RO,Direita,63836,63836,1.0,cristaos_direita_vs_esquerda,11
2018,federal,RR,Direita,106949,108449,0.9861686138184769,cristaos_direita_vs_esquerda,14
2018,federal,RR,Esquerda,1500,108449,0.013831386181523112,cristaos_direita_vs_esquerda,14
2018,federal,RS,Direita,128791,132148,0.9745966643460363,cristaos_direita_vs_esquerda,43
2018,federal,RS,Esquerda,3357,132148,0.025403335653963736,cristaos_direita_vs_esquerda,43
2018,federal,SC,Esquerda,1643,1643,1.0,cristaos_direita_vs_esquerda,42
2018,federal,SE,Direita,248932,312750,0.7959456434852118,cristaos_direita_vs_esquerda,28
2018,federal,SE,Esquerda,63818,312750,0.20405435651478818,cristaos_direita_vs_esquerda,28
2018,federal,SP,Direita,426738,506206,0.8430125284963039,cristaos_direita_vs_esquerda,35
2018,federal,SP,Esquerda,79468,506206,0.15698747150369613,cristaos_direita_vs_esquerda,35
2018,federal,TO,Direita,10061,10061,1.0,cristaos_direita_vs_esquerda,17
2020,municipal,AC,Direita,2670,4305,0.6202090592334495,cristaos_direita_vs_esquerda,12
2020,municipal,AC,Esquerda,1635,4305,0.3797909407665505,cristaos_direita_vs_esquerda,12
2020,municipal,AL,Direita,19052,19816,0.9614452967299152,cristaos_direita_vs_esquerda,27
2020,municipal,AL,Esquerda,764,19816,0.03855470327008478,cristaos_direita_vs_esquerda,27
2020,municipal,AM,Direita,16409,20664,0.7940863337204801,cristaos_direita_vs_esquerda,13
2020,municipal,AM,Esquerda,4255,20664,0.20591366627951993,cristaos_direita_vs_esquerda,13
2020,municipal,AP,Direita,8400,10516,0.798782807151008,cristaos_direita_vs_esquerda,16
2020,municipal,AP,Esquerda,2116,10516,0.201217192848992,cristaos_direita_vs_esquerda,16
2020,municipal,BA,Direita,337384,480849,0.7016423035090018,cristaos_direita_vs_esquerda,29
2020,municipal,BA,Esquerda,143465,480849,0.2983576964909982,cristaos_direita_vs_esquerda,29
2020,municipal,CE,Direita,31650,51725,0.6118898018366361,cristaos_direita_vs_esquerda,23
2020,municipal,CE,Esquerda,20075,51725,0.38811019816336395,cristaos_direita_vs_esquerda,23
2020,municipal,ES,Direita,26555,34698,0.7653178857571041,cristaos_direita_vs_esquerda,32
2020,municipal,ES,Esquerda,8143,34698,0.23468211424289584,cristaos_direita_vs_esquerda,32
2020,municipal,GO,Direita,57568,74219,0.7756504399143077,cristaos_direita_vs_esquerda,52
2020,municipal,GO,Esquerda,16651,74219,0.22434956008569235,cristaos_direita_vs_esquerda,52
2020,municipal,MA,Direita,69778,105684,0.6602513152416638,cristaos_direita_vs_esquerda,21
2020,municipal,MA,Esquerda,35906,105684,0.3397486847583362,cristaos_direita_vs_esquerda,21
2020,municipal,MG,Direita,183211,242424,0.7557461307461307,cristaos_direita_vs_esquerda,31
2020,municipal,MG,Esquerda,59213,242424,0.24425386925386924,cristaos_direita_vs_esquerda,31
2020,municipal,MS,Direita,19383,23980,0.8082985821517932,cristaos_direita_vs_esquerda,50
2020,municipal,MS,Esquerda,4597,23980,0.19170141784820685,cristaos_direita_vs_esquerda,50
2020,municipal,MT,Direita,18592,26690,0.6965904833270888,cristaos_direita_vs_esquerda,51
2020,municipal,MT,Esquerda,8098,26690,0.3034095166729112,cristaos_direita_vs_esquerda,51
2020,municipal,PA,Direita,81576,97301,0.838388094675286,cristaos_direita_vs_esquerda,15
2020,municipal,PA,Esquerda,15725,97301,0.16161190532471403,cristaos_direita_vs_esquerda,15
2020,municipal,PB,Direita,24691,29080,0.8490715268225585,cristaos_direita_vs_esquerda,25
2020,municipal,PB,Esquerda,4389,29080,0.15092847317744154,cristaos_direita_vs_esquerda,25
2020,municipal,PE,Direita,67053,84979,0.7890537662245967,cristaos_direita_vs_esquerda,26
2020,municipal,PE,Esquerda,17926,84979,0.21094623377540334,cristaos_direita_vs_esquerda,26
2020,municipal,PI,Direita,28061,37492,0.7484530033073722,cristaos_direita_vs_esquerda,22
2020,municipal,PI,Esquerda,9431,37492,0.25154699669262776,cristaos_direita_vs_esquerda,22
2020,municipal,PR,Direita,70471,83954,0.8394001476999309,cristaos_direita_vs_esquerda,41
2020,municipal,PR,Esquerda,13483,83954,0.1605998523000691,cristaos_direita_vs_esquerda,41
2020,municipal,RJ,Direita,105346,138717,0.7594310718945767,cristaos_direita_vs_esquerda,33
2020,municipal,RJ,Esquerda,33371,138717,0.24056892810542327,cristaos_direita_vs_esquerda,33
2020,municipal,RN,Direita,12530,16743,0.7483724541599475,cristaos_direita_vs_esquerda,24
2020,municipal,RN,Esquerda,4213,16743,0.25162754584005254,cristaos_direita_vs_esquerda,24
2020,municipal,RO,Direita,11924,19766,0.6032581200040473,cristaos_direita_vs_esquerda,11
2020,municipal,RO,Esquerda,7842,19766,0.3967418799959527,cristaos_direita_vs_esquerda,11
2020,municipal,RR,Direita,5951,7573,0.7858180377657468,cristaos_direita_vs_esquerda,14
2020,municipal,RR,Esquerda,1622,7573,0.21418196223425326,cristaos_direita_vs_esquerda,14
2020,municipal,RS,Direita,37847,55905,0.6769877470709239,cristaos_direita_vs_esquerda,43
2020,municipal,RS,Esquerda,18058,55905,0.3230122529290761,cristaos_direita_vs_esquerda,43
2020,municipal,SC,Direita,36794,42431,0.8671490184063538,cristaos_direita_vs_esquerda,42
2020,municipal,SC,Esquerda,5637,42431,0.13285098159364617,cristaos_direita_vs_esquerda,42
2020,municipal,SE,Direita,47475,68707,0.6909776296447232,cristaos_direita_vs_esquerda,28
2020,municipal,SE,Esquerda,21232,68707,0.30902237035527674,cristaos_direita_vs_esquerda,28
2020,municipal,SP,Direita,474217,546454,0.8678077203204662,cristaos_direita_vs_esquerda,35
2020,municipal,SP,Esquerda,72237,546454,0.13219227967953387,cristaos_direita_vs_esquerda,35
2020,municipal,TO,Direita,11294,16024,0.70481777333999,cristaos_direita_vs_esquerda,17
2020,municipal,TO,Esquerda,4730,16024,0.29518222666001,cristaos_direita_vs_esquerda,17
2022,estadual,AC,Direita,8404,8850,0.9496045197740113,cristaos_direita_vs_esquerda,12
2022,estadual,AC,Esquerda,446,8850,0.0503954802259887,cristaos_direita_vs_esquerda,12
2022,estadual,AL,Direita,26296,30400,0.865,cristaos_direita_vs_esquerda,27
2022,estadual,AL,Esquerda,4104,30400,0.135,cristaos_direita_vs_esquerda,27
2022,estadual,AM,Direita,3483,5782,0.602386717398824,cristaos_direita_vs_esquerda,13
2022,estadual,AM,Esquerda,2299,5782,0.39761328260117607,cristaos_direita_vs_esquerda,13
2022,estadual,AP,Direita,13605,24683,0.5511890775027347,cristaos_direita_vs_esquerda,16
2022,estadual,AP,Esquerda,11078,24683,0.44881092249726534,cristaos_direita_vs_esquerda,16
2022,estadual,BA,Direita,244095,431821,0.5652689424553229,cristaos_direita_vs_esquerda,29
2022,estadual,BA,Esquerda,187726,431821,0.43473105754467706,cristaos_direita_vs_esquerda,29
2022,estadual,CE,Direita,45163,46474,0.9717906786590351,cristaos_direita_vs_esquerda,23
2022,estadual,CE,Esquerda,1311,46474,0.028209321340964842,cristaos_direita_vs_esquerda,23
2022,estadual,DF,Direita,53521,63286,0.8457004708782353,cristaos_direita_vs_esquerda,53
2022,estadual,DF,Esquerda,9765,63286,0.1542995291217647,cristaos_direita_vs_esquerda,53
2022,estadual,ES,Direita,36860,38055,0.9685980817238208,cristaos_direita_vs_esquerda,32
2022,estadual,ES,Esquerda,1195,38055,0.03140191827617921,cristaos_direita_vs_esquerda,32
2022,estadual,GO,Direita,26494,30951,0.8559981906885077,cristaos_direita_vs_esquerda,52
2022,estadual,GO,Esquerda,4457,30951,0.14400180931149237,cristaos_direita_vs_esquerda,52
2022,estadual,MA,Direita,68529,112524,0.6090167430948065,cristaos_direita_vs_esquerda,21
2022,estadual,MA,Esquerda,43995,112524,0.39098325690519353,cristaos_direita_vs_esquerda,21
2022,estadual,MG,Direita,67290,159396,0.4221561394263344,cristaos_direita_vs_esquerda,31
2022,estadual,MG,Esquerda,92106,159396,0.5778438605736655,cristaos_direita_vs_esquerda,31
2022,estadual,MS,Direita,8860,13420,0.6602086438152012,cristaos_direita_vs_esquerda,50
2022,estadual,MS,Esquerda,4560,13420,0.33979135618479883,cristaos_direita_vs_esquerda,50
2022,estadual,MT,Direita,10662,10928,0.9756588579795022,cristaos_direita_vs_esquerda,51
2022,estadual,MT,Esquerda,266,10928,0.024341142020497804,cristaos_direita_vs_esquerda,51
2022,estadual,PA,Direita,46461,54713,0.8491766125052547,cristaos_direita_vs_esquerda,15
2022,estadual,PA,Esquerda,8252,54713,0.1508233874947453,cristaos_direita_vs_esquerda,15
2022,estadual,PB,Direita,6628,8989,0.7373456446768273,cristaos_direita_vs_esquerda,25
2022,estadual,PB,Esquerda,2361,8989,0.2626543553231728,cristaos_direita_vs_esquerda,25
2022,estadual,PE,Direita,266924,267057,0.9995019789782705,cristaos_direita_vs_esquerda,26
2022,estadual,PE,Esquerda,133,267057,0.0004980210217294435,cristaos_direita_vs_esquerda,26
2022,estadual,PI,Direita,35314,45355,0.7786131628265902,cristaos_direita_vs_esquerda,22
2022,estadual,PI,Esquerda,10041,45355,0.22138683717340976,cristaos_direita_vs_esquerda,22
2022,estadual,PR,Direita,6625,21686,0.30549663377294106,cristaos_direita_vs_esquerda,41
2022,estadual,PR,Esquerda,15061,21686,0.6945033662270589,cristaos_direita_vs_esquerda,41
2022,estadual,RJ,Direita,32691,37572,0.8700894282976684,cristaos_direita_vs_esquerda,33
2022,estadual,RJ,Esquerda,4881,37572,0.12991057170233153,cristaos_direita_vs_esquerda,33
2022,estadual,RN,Direita,3039,3039,1.0,cristaos_direita_vs_esquerda,24
2022,estadual,RO,Direita,2633,11636,0.22628050876589895,cristaos_direita_vs_esquerda,11
2022,estadual,RO,Esquerda,9003,11636,0.7737194912341011,cristaos_direita_vs_esquerda,11
2022,estadual,RR,Direita,5409,8969,0.603077266138923,cristaos_direita_vs_esquerda,14
2022,estadual,RR,Esquerda,3560,8969,0.39692273386107707,cristaos_direita_vs_esquerda,14
2022,estadual,RS,Direita,14380,75924,0.1893999262420315,cristaos_direita_vs_esquerda,43
2022,estadual,RS,Esquerda,61544,75924,0.8106000737579685,cristaos_direita_vs_esquerda,43
2022,estadual,SC,Direita,1321,28124,0.046970558953207224,cristaos_direita_vs_esquerda,42
2022,estadual,SC,Esquerda,26803,28124,0.9530294410467928,cristaos_direita_vs_esquerda,42
2022,estadual,SE,Direita,42622,49248,0.865456465237167,cristaos_direita_vs_esquerda,28
2022,estadual,SE,Esquerda,6626,49248,0.134543534762833,cristaos_direita_vs_esquerda,28
2022,estadual,SP,Direita,205710,248598,0.8274805107040282,cristaos_direita_vs_esquerda,35
2022,estadual,SP,Esquerda,42888,248598,0.1725194892959718,cristaos_direita_vs_esquerda,35
2022,estadual,TO,Direita,14203,15099,0.9406583217431618,cristaos_direita_vs_esquerda,17
2022,estadual,TO,Esquerda,896,15099,0.0593416782568382,cristaos_direita_vs_esquerda,17
2022,federal,AC,Direita,902,11517,0.07831900668576887,cristaos_direita_vs_esquerda,12
2022,federal,AC,Esquerda,10615,11517,0.9216809933142311,cristaos_direita_vs_esquerda,12
2022,federal,AL,Direita,2262,2262,1.0,cristaos_direita_vs_esquerda,27
2022,federal,AM,Direita,6153,6153,1.0,cristaos_direita_vs_esquerda,13
2022,federal,AP,Direita,1862,3654,0.5095785440613027,cristaos_direita_vs_esquerda,16
2022,federal,AP,Esquerda,1792,3654,0.4904214559386973,cristaos_direita_vs_esquerda,16
2022,federal,BA,Direita,78315,103372,0.7576036063924467,cristaos_direita_vs_esquerda,29
2022,federal,BA,Esquerda,25057,103372,0.2423963936075533,cristaos_direita_vs_esquerda,29
2022,federal,CE,Direita,14848,14848,1.0,cristaos_direita_vs_esquerda,23
2022,federal,DF,Direita,2316,8054,0.2875589769058853,cristaos_direita_vs_esquerda,53
2022,federal,DF,Esquerda,5738,8054,0.7124410230941147,cristaos_direita_vs_esquerda,53
2022,federal,ES,Direita,32857,36393,0.9028384579452092,cristaos_direita_vs_esquerda,32
2022,federal,ES,Esquerda,3536,36393,0.09716154205479076,cristaos_direita_vs_esquerda,32
2022,federal,GO,Direita,7737,7914,0.9776345716451857,cristaos_direita_vs_esquerda,52
2022,federal,GO,Esquerda,177,7914,0.022365428354814254,cristaos_direita_vs_esquerda,52
2022,federal,MA,Direita,115683,116924,0.9893862680031473,cristaos_direita_vs_esquerda,21
2022,federal,MA,Esquerda,1241,116924,0.010613731996852657,cristaos_direita_vs_esquerda,21
2022,federal,MG,Direita,128420,230995,0.5559427693240113,cristaos_direita_vs_esquerda,31
2022,federal,MG,Esquerda,102575,230995,0.4440572306759887,cristaos_direita_vs_esquerda,31
2022,federal,MS,Direita,2415,2415,1.0,cristaos_direita_vs_esquerda,50
2022,federal,MT,Direita,6514,6514,1.0,cristaos_direita_vs_esquerda,51
2022,federal,PA,Direita,19322,37429,0.5162307301824788,cristaos_direita_vs_esquerda,15
2022,federal,PA,Esquerda,18107,37429,0.48376926981752116,cristaos_direita_vs_esquerda,15
2022,federal,PB,Direita,4965,44799,0.11082836670461395,cristaos_direita_vs_esquerda,25
2022,federal,PB,Esquerda,39834,44799,0.8891716332953861,cristaos_direita_vs_esquerda,25
2022,federal,PE,Direita,147920,147920,1.0,cristaos_direita_vs_esquerda,26
2022,federal,PI,Direita,4638,5737,0.8084364650514206,cristaos_direita_vs_esquerda,22
2022,federal,PI,Esquerda,1099,5737,0.1915635349485794,cristaos_direita_vs_esquerda,22
2022,federal,PR,Direita,71425,72455,0.9857842798978677,cristaos_direita_vs_esquerda,41
2022,federal,PR,Esquerda,1030,72455,0.014215720102132358,cristaos_direita_vs_esquerda,41
2022,federal,RJ,Direita,102186,177726,0.5749637081800074,cristaos_direita_vs_esquerda,33
2022,federal,RJ,Esquerda,75540,177726,0.4250362918199926,cristaos_direita_vs_esquerda,33
2022,federal,RO,Direita,32529,32529,1.0,cristaos_direita_vs_esquerda,11
2022,federal,RR,Direita,48665,48665,1.0,cristaos_direita_vs_esquerda,14
2022,federal,RS,Direita,129685,149413,0.8679632963664473,cristaos_direita_vs_esquerda,43
2022,federal,RS,Esquerda,19728,149413,0.13203670363355263,cristaos_direita_vs_esquerda,43
2022,federal,SC,Direita,113,12827,0.008809542371559991,cristaos_direita_vs_esquerda,42
2022,federal,SC,Esquerda,12714,12827,0.99119045762844,cristaos_direita_vs_esquerda,42
2022,federal,SE,Direita,45673,66752,0.6842191994247363,cristaos_direita_vs_esquerda,28
2022,federal,SE,Esquerda,21079,66752,0.31578080057526364,cristaos_direita_vs_esquerda,28
2022,federal,SP,Direita,401841,521385,0.7707183750970972,cristaos_direita_vs_esquerda,35
2022,federal,SP,Esquerda,119544,521385,0.22928162490290285,cristaos_direita_vs_esquerda,35
2022,federal,TO,Direita,41170,41170,1.0,cristaos_direita_vs_esquerda,17
2024,municipal,AC,Direita,6207,8930,0.6950727883538634,cristaos_direita_vs_esquerda,12
2024,municipal,AC,Esquerda,2723,8930,0.3049272116461366,cristaos_direita_vs_esquerda,12
2024,municipal,AL,Direita,19218,25206,0.7624375148774102,cristaos_direita_vs_esquerda,27
2024,municipal,AL,Esquerda,5988,25206,0.23756248512258987,cristaos_direita_vs_esquerda,27
2024,municipal,AM,Direita,18225,19658,0.9271034693254655,cristaos_direita_vs_esquerda,13
2024,municipal,AM,Esquerda,1433,19658,0.07289653067453454,cristaos_direita_vs_esquerda,13
2024,municipal,AP,Direita,8167,14336,0.5696847098214286,cristaos_direita_vs_esquerda,16
2024,municipal,AP,Esquerda,6169,14336,0.43031529017857145,cristaos_direita_vs_esquerda,16
2024,municipal,BA,Direita,353730,497518,0.7109893511390543,cristaos_direita_vs_esquerda,29
2024,municipal,BA,Esquerda,143788,497518,0.28901064886094574,cristaos_direita_vs_esquerda,29
2024,municipal,CE,Direita,30607,49969,0.6125197622525966,cristaos_direita_vs_esquerda,23
2024,municipal,CE,Esquerda,19362,49969,0.38748023774740337,cristaos_direita_vs_esquerda,23
2024,municipal,ES,Direita,38980,47099,0.8276184207732649,cristaos_direita_vs_esquerda,32
2024,municipal,ES,Esquerda,8119,47099,0.17238157922673517,cristaos_direita_vs_esquerda,32
2024,municipal,GO,Direita,67256,83235,0.8080254700546645,cristaos_direita_vs_esquerda,52
2024,municipal,GO,Esquerda,15979,83235,0.1919745299453355,cristaos_direita_vs_esquerda,52
2024,municipal,MA,Direita,65046,92613,0.7023420038223576,cristaos_direita_vs_esquerda,21
2024,municipal,MA,Esquerda,27567,92613,0.29765799617764244,cristaos_direita_vs_esquerda,21
2024,municipal,MG,Direita,217266,280049,0.7758142325093109,cristaos_direita_vs_esquerda,31
2024,municipal,MG,Esquerda,62783,280049,0.22418576749068914,cristaos_direita_vs_esquerda,31
2024,municipal,MS,Direita,24688,27097,0.91109716942835,cristaos_direita_vs_esquerda,50
2024,municipal,MS,Esquerda,2409,27097,0.08890283057165,cristaos_direita_vs_esquerda,50
2024,municipal,MT,Direita,27131,31334,0.8658645560732751,cristaos_direita_vs_esquerda,51
2024,municipal,MT,Esquerda,4203,31334,0.13413544392672497,cristaos_direita_vs_esquerda,51
2024,municipal,PA,Direita,84887,108892,0.7795522168754362,cristaos_direita_vs_esquerda,15
2024,municipal,PA,Esquerda,24005,108892,0.22044778312456378,cristaos_direita_vs_esquerda,15
2024,municipal,PB,Direita,16379,24411,0.670968006226701,cristaos_direita_vs_esquerda,25
2024,municipal,PB,Esquerda,8032,24411,0.32903199377329895,cristaos_direita_vs_esquerda,25
2024,municipal,PE,Direita,62767,78696,0.7975881874555251,cristaos_direita_vs_esquerda,26
2024,municipal,PE,Esquerda,15929,78696,0.20241181254447493,cristaos_direita_vs_esquerda,26
2024,municipal,PI,Direita,14849,31729,0.4679945790916827,cristaos_direita_vs_esquerda,22
2024,municipal,PI,Esquerda,16880,31729,0.5320054209083173,cristaos_direita_vs_esquerda,22
2024,municipal,PR,Direita,85362,102865,0.8298449424002333,cristaos_direita_vs_esquerda,41
2024,municipal,PR,Esquerda,17503,102865,0.17015505759976668,cristaos_direita_vs_esquerda,41
2024,municipal,RJ,Direita,103751,139950,0.7413433369060378,cristaos_direita_vs_esquerda,33
2024,municipal,RJ,Esquerda,36199,139950,0.2586566630939621,cristaos_direita_vs_esquerda,33
2024,municipal,RN,Direita,8179,11430,0.715573053368329,cristaos_direita_vs_esquerda,24
2024,municipal,RN,Esquerda,3251,11430,0.28442694663167106,cristaos_direita_vs_esquerda,24
2024,municipal,RO,Direita,28115,29552,0.9513738494856524,cristaos_direita_vs_esquerda,11
2024,municipal,RO,Esquerda,1437,29552,0.04862615051434759,cristaos_direita_vs_esquerda,11
2024,municipal,RR,Direita,10615,12466,0.8515161238568908,cristaos_direita_vs_esquerda,14
2024,municipal,RR,Esquerda,1851,12466,0.14848387614310926,cristaos_direita_vs_esquerda,14
2024,municipal,RS,Direita,42035,53698,0.7828038288204402,cristaos_direita_vs_esquerda,43
2024,municipal,RS,Esquerda,11663,53698,0.21719617117955975,cristaos_direita_vs_esquerda,43
2024,municipal,SC,Direita,49595,55355,0.8959443591364827,cristaos_direita_vs_esquerda,42
2024,municipal,SC,Esquerda,5760,55355,0.1040556408635173,cristaos_direita_vs_esquerda,42
2024,municipal,SE,Direita,57739,81033,0.712536867695877,cristaos_direita_vs_esquerda,28
2024,municipal,SE,Esquerda,23294,81033,0.287463132304123,cristaos_direita_vs_esquerda,28
2024,municipal,SP,Direita,410011,483590,0.8478483839616204,cristaos_direita_vs_esquerda,35
2024,municipal,SP,Esquerda,73579,483590,0.15215161603837962,cristaos_direita_vs_esquerda,35
2024,municipal,TO,Direita,25905,33360,0.7765287769784173,cristaos_direita_vs_esquerda,17
2024,municipal,TO,Esquerda,7455,33360,0.22347122302158273,cristaos_direita_vs_esquerda,17
