ANO_ELEICAO_ANALISE,ESFERA,SG_UF,total_candidatos,candidatos_cristaos,eleitos_total,cristaos_eleitos,pct_cristaos,chance_eleicao_cristaos
2012,municipal,AC,2188,42,225,6,0.019195612431444242,0.14285714285714285
2012,municipal,AL,7176,102,1049,6,0.014214046822742474,0.058823529411764705
2012,municipal,AM,7315,136,708,6,0.018591934381408066,0.04411764705882353
2012,municipal,AP,1782,52,166,4,0.029180695847362513,0.07692307692307693
2012,municipal,BA,33912,2531,4540,228,0.07463434772351969,0.0900829711576452
2012,municipal,CE,13602,172,2132,17,0.012645199235406558,0.09883720930232558
2012,municipal,ES,9263,234,844,18,0.025261794235129007,0.07692307692307693
2012,municipal,GO,19172,614,2493,50,0.03202587106196537,0.08143322475570032
2012,municipal,MA,17319,674,2373,77,0.03891679658178879,0.1142433234421365
2012,municipal,MG,70328,1854,8438,166,0.026362188601979298,0.0895361380798274
2012,municipal,MS,6660,172,833,16,0.025825825825825825,0.09302325581395349
2012,municipal,MT,10114,220,1390,20,0.02175202689341507,0.09090909090909091
2012,municipal,PA,17746,514,1699,39,0.028964273639129946,0.07587548638132295
2012,municipal,PB,11447,120,2185,17,0.010483096007687603,0.14166666666666666
2012,municipal,PE,15982,237,2062,16,0.014829182830684521,0.06751054852320675
2012,municipal,PI,9413,210,2136,32,0.022309571868692233,0.1523809523809524
2012,municipal,PR,29317,565,3866,54,0.01927209468908824,0.09557522123893805
2012,municipal,RJ,21070,507,1188,14,0.02406264831514001,0.027613412228796843
2012,municipal,RN,7940,56,1618,8,0.007052896725440806,0.14285714285714285
2012,municipal,RO,4861,115,533,9,0.023657683604196667,0.0782608695652174
2012,municipal,RR,1583,42,151,3,0.026531901452937462,0.07142857142857142
2012,municipal,RS,26611,269,4904,30,0.010108601706061404,0.11152416356877323
2012,municipal,SC,16254,174,2864,22,0.010705057216685123,0.12643678160919541
2012,municipal,SE,5386,345,788,45,0.06405495729669514,0.13043478260869565
2012,municipal,SP,77335,2018,6943,168,0.02609426520980151,0.08325074331020813
2012,municipal,TO,6919,169,1291,25,0.024425495013730307,0.14792899408284024
2014,estadual,AC,531,14,24,1,0.026365348399246705,0.07142857142857142
2014,estadual,AL,308,9,27,1,0.02922077922077922,0.1111111111111111
2014,estadual,AM,638,12,24,1,0.018808777429467086,0.08333333333333333
2014,estadual,AP,383,19,24,1,0.04960835509138381,0.05263157894736842
2014,estadual,BA,672,46,63,3,0.06845238095238096,0.06521739130434782
2014,estadual,CE,638,16,46,0,0.025078369905956112,0.0
2014,estadual,DF,1027,38,24,1,0.03700097370983447,0.02631578947368421
2014,estadual,ES,571,24,30,2,0.04203152364273205,0.08333333333333333
2014,estadual,GO,847,27,41,2,0.031877213695395513,0.07407407407407407
2014,estadual,MA,588,20,42,1,0.034013605442176874,0.05
2014,estadual,MG,1199,35,77,1,0.029190992493744787,0.02857142857142857
2014,estadual,MS,435,9,24,0,0.020689655172413793,0.0
2014,estadual,MT,336,10,24,0,0.02976190476190476,0.0
2014,estadual,PA,780,33,41,0,0.04230769230769231,0.0
2014,estadual,PB,427,10,36,1,0.0234192037470726,0.1
2014,estadual,PE,551,15,49,3,0.02722323049001815,0.2
2014,estadual,PI,258,8,30,1,0.031007751937984496,0.125
2014,estadual,PR,847,26,54,2,0.030696576151121605,0.07692307692307693
2014,estadual,RJ,2038,51,70,0,0.025024533856722278,0.0
2014,estadual,RN,275,4,24,0,0.014545454545454545,0.0
2014,estadual,RO,449,14,24,0,0.031180400890868598,0.0
2014,estadual,RR,424,14,24,2,0.0330188679245283,0.14285714285714285
2014,estadual,RS,721,10,55,1,0.013869625520110958,0.1
2014,estadual,SC,492,12,40,1,0.024390243902439025,0.08333333333333333
2014,estadual,SE,186,17,24,3,0.0913978494623656,0.17647058823529413
2014,estadual,SP,2127,70,94,4,0.032910202162670425,0.05714285714285714
2014,estadual,TO,283,12,24,1,0.04240282685512368,0.08333333333333333
2014,federal,AC,69,0,9,0,0.0,
2014,federal,AL,130,6,10,0,0.046153846153846156,0.0
2014,federal,AM,89,3,9,0,0.033707865168539325,0.0
2014,federal,AP,126,6,9,0,0.047619047619047616,0.0
2014,federal,BA,395,25,40,0,0.06329113924050633,0.0
2014,federal,CE,221,1,23,0,0.004524886877828055,0.0
2014,federal,DF,142,3,9,0,0.02112676056338028,0.0
2014,federal,ES,197,12,11,0,0.06091370558375635,0.0
2014,federal,GO,183,5,18,0,0.0273224043715847,0.0
2014,federal,MA,281,15,19,0,0.05338078291814947,0.0
2014,federal,MG,705,33,54,1,0.04680851063829787,0.030303030303030304
2014,federal,MS,136,3,9,0,0.022058823529411766,0.0
2014,federal,MT,120,1,9,0,0.008333333333333333,0.0
2014,federal,PA,227,6,18,0,0.02643171806167401,0.0
2014,federal,PB,125,2,13,0,0.016,0.0
2014,federal,PE,181,7,26,1,0.03867403314917127,0.14285714285714285
2014,federal,PI,118,1,11,0,0.00847457627118644,0.0
2014,federal,PR,351,11,31,0,0.03133903133903134,0.0
2014,federal,RJ,1089,31,47,0,0.028466483011937556,0.0
2014,federal,RN,105,1,9,0,0.009523809523809525,0.0
2014,federal,RO,99,1,9,0,0.010101010101010102,0.0
2014,federal,RR,91,4,9,1,0.04395604395604396,0.25
2014,federal,RS,336,6,32,1,0.017857142857142856,0.16666666666666666
2014,federal,SC,152,7,17,0,0.046052631578947366,0.0
2014,federal,SE,95,5,9,1,0.05263157894736842,0.2
2014,federal,SP,1496,53,71,3,0.03542780748663102,0.05660377358490566
2014,federal,TO,62,2,9,0,0.03225806451612903,0.0
2016,municipal,AC,2152,52,229,5,0.024163568773234202,0.09615384615384616
2016,municipal,AL,6636,105,1076,6,0.015822784810126583,0.05714285714285714
2016,municipal,AM,9024,179,722,10,0.019835992907801418,0.055865921787709494
2016,municipal,AP,1730,46,170,5,0.026589595375722544,0.10869565217391304
2016,municipal,BA,34268,2959,4599,251,0.08634878020310494,0.08482595471443055
2016,municipal,CE,13840,192,2176,20,0.013872832369942197,0.10416666666666667
2016,municipal,ES,9901,284,856,11,0.028683971316028685,0.03873239436619718
2016,municipal,GO,19839,732,2506,64,0.0368970210192046,0.08743169398907104
2016,municipal,MA,17140,648,2394,73,0.03780630105017503,0.11265432098765432
2016,municipal,MG,73742,2094,8481,177,0.028396300615660005,0.08452722063037249
2016,municipal,MS,6920,189,845,22,0.0273121387283237,0.1164021164021164
2016,municipal,MT,9622,224,1404,21,0.02327998337144045,0.09375
2016,municipal,PA,19503,711,1734,49,0.03645592985694508,0.06891701828410689
2016,municipal,PB,10859,110,2203,16,0.010129846210516623,0.14545454545454545
2016,municipal,PE,17919,314,2126,23,0.017523299291255092,0.0732484076433121
2016,municipal,PI,9059,191,2143,30,0.021084004857048238,0.15706806282722513
2016,municipal,PR,29109,620,3877,42,0.021299254526091587,0.06774193548387097
2016,municipal,RJ,21395,548,1152,19,0.025613461089039495,0.03467153284671533
2016,municipal,RN,8213,75,1640,11,0.009131864117861927,0.14666666666666667
2016,municipal,RO,4358,138,529,14,0.03166590178981184,0.10144927536231885
2016,municipal,RR,1626,44,153,4,0.02706027060270603,0.09090909090909091
2016,municipal,RS,26314,295,4910,28,0.011210762331838564,0.09491525423728814
2016,municipal,SC,16125,189,2898,15,0.01172093023255814,0.07936507936507936
2016,municipal,SE,5406,411,797,45,0.07602663706992231,0.10948905109489052
2016,municipal,SP,82076,2350,6923,158,0.02863199961011745,0.06723404255319149
2016,municipal,TO,6662,171,1299,19,0.025667967577304114,0.1111111111111111
2018,estadual,AC,474,23,24,1,0.04852320675105485,0.043478260869565216
2018,estadual,AL,336,7,27,1,0.020833333333333332,0.14285714285714285
2018,estadual,AM,657,25,24,0,0.0380517503805175,0.0
2018,estadual,AP,495,26,24,2,0.052525252525252523,0.07692307692307693
2018,estadual,BA,643,57,63,1,0.08864696734059098,0.017543859649122806
2018,estadual,CE,597,20,46,1,0.03350083752093802,0.05
2018,estadual,DF,981,32,24,0,0.0326197757390418,0.0
2018,estadual,ES,614,26,30,1,0.04234527687296417,0.038461538461538464
2018,estadual,GO,907,33,41,1,0.03638368246968027,0.030303030303030304
2018,estadual,MA,535,25,42,3,0.04672897196261682,0.12
2018,estadual,MG,1411,55,77,1,0.03897944720056697,0.01818181818181818
2018,estadual,MS,355,8,24,0,0.022535211267605635,0.0
2018,estadual,MT,350,15,24,0,0.04285714285714286,0.0
2018,estadual,PA,692,16,41,0,0.023121387283236993,0.0
2018,estadual,PB,429,6,36,0,0.013986013986013986,0.0
2018,estadual,PE,681,22,49,1,0.032305433186490456,0.045454545454545456
2018,estadual,PI,219,9,30,1,0.0410958904109589,0.1111111111111111
2018,estadual,PR,767,21,54,1,0.027379400260756193,0.047619047619047616
2018,estadual,RJ,2465,72,70,0,0.02920892494929006,0.0
2018,estadual,RN,330,6,24,0,0.01818181818181818,0.0
2018,estadual,RO,466,16,24,1,0.034334763948497854,0.0625
2018,estadual,RR,485,13,24,1,0.026804123711340205,0.07692307692307693
2018,estadual,RS,853,10,55,0,0.011723329425556858,0.0
2018,estadual,SC,469,9,40,1,0.019189765458422176,0.1111111111111111
2018,estadual,SE,335,25,24,2,0.07462686567164178,0.08
2018,estadual,SP,2174,66,94,1,0.03035878564857406,0.015151515151515152
2018,estadual,TO,234,7,24,0,0.029914529914529916,0.0
2018,federal,AC,94,4,10,1,0.0425531914893617,0.25
2018,federal,AL,92,1,11,0,0.010869565217391304,0.0
2018,federal,AM,162,3,10,0,0.018518518518518517,0.0
2018,federal,AP,132,6,10,0,0.045454545454545456,0.0
2018,federal,BA,514,34,41,3,0.06614785992217899,0.08823529411764706
2018,federal,CE,280,4,24,0,0.014285714285714285,0.0
2018,federal,DF,211,3,10,0,0.014218009478672985,0.0
2018,federal,ES,181,7,12,1,0.03867403314917127,0.14285714285714285
2018,federal,GO,241,3,19,0,0.012448132780082987,0.0
2018,federal,MA,224,9,20,1,0.04017857142857143,0.1111111111111111
2018,federal,MG,958,45,55,2,0.04697286012526096,0.044444444444444446
2018,federal,MS,145,2,10,0,0.013793103448275862,0.0
2018,federal,MT,182,6,10,0,0.03296703296703297,0.0
2018,federal,PA,159,4,19,0,0.025157232704402517,0.0
2018,federal,PB,166,7,14,1,0.04216867469879518,0.14285714285714285
2018,federal,PE,373,17,27,2,0.045576407506702415,0.11764705882352941
2018,federal,PI,161,5,12,0,0.031055900621118012,0.0
2018,federal,PR,466,10,32,0,0.02145922746781116,0.0
2018,federal,RJ,1171,37,48,0,0.03159692570452605,0.0
2018,federal,RN,136,1,10,0,0.007352941176470588,0.0
2018,federal,RO,135,7,10,0,0.05185185185185185,0.0
2018,federal,RR,165,8,10,2,0.048484848484848485,0.25
2018,federal,RS,437,6,33,1,0.013729977116704805,0.16666666666666666
2018,federal,SC,265,1,18,0,0.0037735849056603774,0.0
2018,federal,SE,138,11,10,0,0.07971014492753623,0.0
2018,federal,SP,1706,57,72,2,0.03341148886283705,0.03508771929824561
2018,federal,TO,98,4,10,0,0.04081632653061224,0.0
2020,municipal,AC,2874,74,231,3,0.025748086290883786,0.04054054054054054
2020,municipal,AL,6910,124,1097,8,0.017945007235890015,0.06451612903225806
2020,municipal,AM,9894,250,738,10,0.025267839094400647,0.04
2020,municipal,AP,2303,81,174,1,0.03517151541467651,0.012345679012345678
2020,municipal,BA,38839,3780,4621,291,0.0973248538839826,0.07698412698412699
2020,municipal,CE,15005,246,2203,16,0.01639453515494835,0.06504065040650407
2020,municipal,ES,11807,411,860,14,0.03480985855848226,0.0340632603406326
2020,municipal,GO,23170,955,2525,48,0.04121709106603366,0.050261780104712044
2020,municipal,MA,19197,800,2425,79,0.04167317810074491,0.09875
2020,municipal,MG,76106,2383,8480,160,0.03131159172732768,0.06714225765841376
2020,municipal,MS,8073,242,847,13,0.029976464759073455,0.05371900826446281
2020,municipal,MT,11870,296,1404,23,0.02493681550126369,0.0777027027027027
2020,municipal,PA,22280,923,1764,52,0.04142728904847397,0.056338028169014086
2020,municipal,PB,11292,139,2245,19,0.012309599716613532,0.1366906474820144
2020,municipal,PE,19790,392,2160,27,0.01980798383021728,0.06887755102040816
2020,municipal,PI,9460,223,2153,41,0.023572938689217757,0.18385650224215247
2020,municipal,PR,34329,774,3869,59,0.02254653499956305,0.07622739018087855
2020,municipal,RJ,25311,755,1184,15,0.029828928134012878,0.019867549668874173
2020,municipal,RN,9505,124,1654,8,0.01304576538663861,0.06451612903225806
2020,municipal,RO,5491,172,533,11,0.03132398470224003,0.06395348837209303
2020,municipal,RR,1747,51,157,4,0.02919290211791643,0.0784313725490196
2020,municipal,RS,30832,368,4903,23,0.011935651271406332,0.0625
2020,municipal,SC,20002,288,2890,23,0.0143985601439856,0.0798611111111111
2020,municipal,SE,6494,515,805,46,0.07930397289805975,0.08932038834951456
2020,municipal,SP,88315,2765,6963,131,0.03130838475910094,0.04737793851717902
2020,municipal,TO,7800,219,1307,24,0.028076923076923076,0.1095890410958904
2022,estadual,AC,359,13,24,0,0.036211699164345405,0.0
2022,estadual,AL,282,7,27,0,0.024822695035460994,0.0
2022,estadual,AM,443,15,24,0,0.033860045146726865,0.0
2022,estadual,AP,364,21,24,2,0.057692307692307696,0.09523809523809523
2022,estadual,BA,913,82,63,3,0.08981380065717415,0.036585365853658534
2022,estadual,CE,573,21,46,1,0.03664921465968586,0.047619047619047616
2022,estadual,DF,610,30,24,1,0.04918032786885246,0.03333333333333333
2022,estadual,ES,534,26,30,1,0.04868913857677903,0.038461538461538464
2022,estadual,GO,800,33,41,1,0.04125,0.030303030303030304
2022,estadual,MA,559,32,42,1,0.057245080500894455,0.03125
2022,estadual,MG,1411,62,77,1,0.04394046775336641,0.016129032258064516
2022,estadual,MS,397,10,24,0,0.02518891687657431,0.0
2022,estadual,MT,329,7,24,0,0.02127659574468085,0.0
2022,estadual,PA,652,24,41,0,0.03680981595092025,0.0
2022,estadual,PB,461,13,36,0,0.028199566160520606,0.0
2022,estadual,PE,613,23,49,2,0.037520391517128875,0.08695652173913043
2022,estadual,PI,210,11,30,0,0.05238095238095238,0.0
2022,estadual,PR,902,23,54,0,0.025498891352549888,0.0
2022,estadual,RJ,1639,56,70,0,0.034167175106772425,0.0
2022,estadual,RN,320,6,24,0,0.01875,0.0
2022,estadual,RO,423,10,24,1,0.02364066193853428,0.1
2022,estadual,RR,407,20,24,0,0.04914004914004914,0.0
2022,estadual,RS,830,12,55,0,0.014457831325301205,0.0
2022,estadual,SC,617,6,40,1,0.009724473257698542,0.16666666666666666
2022,estadual,SE,328,17,24,1,0.051829268292682924,0.058823529411764705
2022,estadual,SP,2059,81,94,0,0.03933948518698397,0.0
2022,estadual,TO,312,16,24,0,0.05128205128205128,0.0
2022,federal,AC,149,6,9,0,0.040268456375838924,0.0
2022,federal,AL,189,2,10,0,0.010582010582010581,0.0
2022,federal,AM,181,8,9,0,0.04419889502762431,0.0
2022,federal,AP,162,9,9,0,0.05555555555555555,0.0
2022,federal,BA,782,65,40,1,0.08312020460358056,0.015384615384615385
2022,federal,CE,421,14,23,0,0.0332541567695962,0.0
2022,federal,DF,229,7,9,0,0.03056768558951965,0.0
2022,federal,ES,210,10,11,0,0.047619047619047616,0.0
2022,federal,GO,401,12,18,0,0.029925187032418952,0.0
2022,federal,MA,372,19,19,1,0.051075268817204304,0.05263157894736842
2022,federal,MG,1112,41,54,1,0.0368705035971223,0.024390243902439025
2022,federal,MS,167,1,9,0,0.005988023952095809,0.0
2022,federal,MT,170,5,9,0,0.029411764705882353,0.0
2022,federal,PA,335,13,18,1,0.03880597014925373,0.07692307692307693
2022,federal,PB,259,6,13,0,0.023166023166023165,0.0
2022,federal,PE,483,17,26,2,0.035196687370600416,0.11764705882352941
2022,federal,PI,185,5,11,0,0.02702702702702703,0.0
2022,federal,PR,642,19,31,0,0.029595015576323987,0.0
2022,federal,RJ,1097,45,47,1,0.04102096627164995,0.022222222222222223
2022,federal,RN,197,3,9,0,0.015228426395939087,0.0
2022,federal,RO,173,4,9,0,0.023121387283236993,0.0
2022,federal,RR,174,11,9,2,0.06321839080459771,0.18181818181818182
2022,federal,RS,557,13,32,1,0.02333931777378815,0.07692307692307693
2022,federal,SC,325,3,17,0,0.009230769230769232,0.0
2022,federal,SE,176,14,9,0,0.07954545454545454,0.0
2022,federal,SP,1551,48,71,1,0.030947775628626693,0.020833333333333332
2022,federal,TO,174,6,9,0,0.034482758620689655,0.0
2024,municipal,AC,2183,52,241,6,0.023820430600091615,0.11538461538461539
2024,municipal,AL,5310,100,1090,9,0.018832391713747645,0.09
2024,municipal,AM,7691,190,750,7,0.024704199713951373,0.03684210526315789
2024,municipal,AP,1486,66,174,3,0.04441453566621804,0.045454545454545456
2024,municipal,BA,32879,3143,4593,293,0.09559293165850542,0.09322303531657652
2024,municipal,CE,12223,221,2190,19,0.01808066759388039,0.08597285067873303
2024,municipal,ES,9291,309,870,15,0.03325799160477882,0.04854368932038835
2024,municipal,GO,18668,796,2431,57,0.042639811442039856,0.07160804020100503
2024,municipal,MA,15543,644,2346,64,0.04143344270732806,0.09937888198757763
2024,municipal,MG,68743,2102,8526,167,0.030577658816170375,0.07944814462416747
2024,municipal,MS,6897,203,849,11,0.029433086849354792,0.054187192118226604
2024,municipal,MT,10358,292,1433,27,0.028190770418999807,0.09246575342465753
2024,municipal,PA,17164,639,1737,45,0.03722908412957353,0.07042253521126761
2024,municipal,PB,9163,107,2201,13,0.01167739823202008,0.12149532710280374
2024,municipal,PE,15002,309,2149,23,0.020597253699506733,0.0744336569579288
2024,municipal,PI,7977,191,2143,27,0.023943838535790397,0.14136125654450263
2024,municipal,PR,31719,749,3905,58,0.023613606986348876,0.0774365821094793
2024,municipal,RJ,16813,487,1208,19,0.028965681318027715,0.039014373716632446
2024,municipal,RN,6901,77,1655,6,0.011157803216925083,0.07792207792207792
2024,municipal,RO,4532,152,531,15,0.03353927625772286,0.09868421052631579
2024,municipal,RR,1258,38,161,7,0.030206677265500796,0.18421052631578946
2024,municipal,RS,26578,326,4903,27,0.01226578373090526,0.08282208588957055
2024,municipal,SC,17934,243,2912,20,0.013549682167949146,0.0823045267489712
2024,municipal,SE,5148,424,801,49,0.08236208236208237,0.11556603773584906
2024,municipal,SP,74044,2203,7047,158,0.029752579547296203,0.07172038129822969
2024,municipal,TO,6527,201,1317,26,0.030795158572085184,0.12935323383084577
