ANO_ELEICAO_ANALISE,ESFERA,tipo_despesa,ELEITO,candidatos,candidatos_com_gasto,gasto_total,gasto_medio,gasto_mediano,pct_medio,pct_mediano
2012,municipal,Agua,False,11048,26,7331.81,0.6636323316437365,0.0,6.532052575817139e-05,0.0
2012,municipal,Agua,True,1096,11,3827.2200000000003,3.4919890510948908,0.0,6.732344431625667e-05,0.0
2012,municipal,Alimentacao,False,11048,84,68444.02,6.195150253439537,0.0,0.0008814730703824149,0.0
2012,municipal,Alimentacao,True,1096,27,41206.08,37.596788321167885,0.0,0.0016034243095185995,0.0
2012,municipal,Baixa de Estimaveis - Agua,False,11048,21,1055.3600000000001,0.09552498189717597,0.0,3.454505972958936e-05,0.0
2012,municipal,Baixa de Estimaveis - Agua,True,1096,2,9155.0,8.353102189781023,0.0,0.0004497274792677163,0.0
2012,municipal,Baixa de Estimaveis - Alimentacao,False,11048,7,4461.89,0.4038640477914555,0.0,0.00020623619128984746,0.0
2012,municipal,Baixa de Estimaveis - Alimentacao,True,1096,5,3080.0,2.81021897810219,0.0,0.0005318655154575158,0.0
2012,municipal,Baixa de Estimaveis - Baixa de recursos estimaveis em dinheiro,False,11048,1,200.0,0.018102824040550327,0.0,1.0286969659054546e-06,0.0
2012,municipal,Baixa de Estimaveis - Baixa de recursos estimaveis em dinheiro,True,1096,0,0.0,0.0,0.0,0.0,0.0
2012,municipal,Baixa de Estimaveis - Cessao ou locacao de veiculos,False,11048,1148,2375585.92,215.0240695148443,0.0,0.049362764026283666,0.0
2012,municipal,Baixa de Estimaveis - Cessao ou locacao de veiculos,True,1096,322,817356.74,745.7634489051095,0.0,0.11375569720560645,0.0
2012,municipal,Baixa de Estimaveis - Combustiveis e lubrificantes,False,11048,1322,924586.6,83.68814265025344,0.0,0.03746680159107029,0.0
2012,municipal,Baixa de Estimaveis - Combustiveis e lubrificantes,True,1096,219,203957.52,186.09262773722628,0.0,0.04552586129781683,0.0
2012,municipal,Baixa de Estimaveis - Comicios,False,11048,54,13997.67,1.2669867849384504,0.0,0.0006380116891951623,0.0
2012,municipal,Baixa de Estimaveis - Comicios,True,1096,2,133.32999999999998,0.12165145985401458,0.0,0.00010319962536492743,0.0
2012,municipal,Baixa de Estimaveis - Correspondencias e despesas postais,False,11048,9,6163.62,0.557894641564084,0.0,0.0003298797900511569,0.0
2012,municipal,Baixa de Estimaveis - Correspondencias e despesas postais,True,1096,2,3841.5,3.5050182481751824,0.0,0.0003238867935817725,0.0
2012,municipal,Baixa de Estimaveis - Criacao e inclusao de paginas na internet,False,11048,26,17963.48,1.6259485879797249,0.0,0.00031647098142003954,0.0
2012,municipal,Baixa de Estimaveis - Criacao e inclusao de paginas na internet,True,1096,7,12332.8,11.252554744525547,0.0,0.0001698973628921704,0.0
2012,municipal,Baixa de Estimaveis - Despesas com pessoal,False,11048,164,345032.37,31.230301412020275,0.0,0.006520372952987038,0.0
2012,municipal,Baixa de Estimaveis - Despesas com pessoal,True,1096,24,48103.03,43.88962591240876,0.0,0.007395415137605499,0.0
2012,municipal,Baixa de Estimaveis - Despesas com transporte ou deslocamento,False,11048,13,14063.19,1.2729172700941347,0.0,0.0002473321924639092,0.0
2012,municipal,Baixa de Estimaveis - Despesas com transporte ou deslocamento,True,1096,1,246.95999999999998,0.22532846715328464,0.0,2.4876622589191756e-05,0.0
2012,municipal,Baixa de Estimaveis - Diversas a especificar,False,11048,420,168930.67,15.29061097031137,0.0,0.008829083849994953,0.0
2012,municipal,Baixa de Estimaveis - Diversas a especificar,True,1096,70,44613.98,40.706186131386865,0.0,0.00916749255677362,0.0
2012,municipal,"Baixa de Estimaveis - Encargos financeiros, taxas bancarias e/ou op. cartao de credito",False,11048,4,1094.66,0.0990821868211441,0.0,5.3075488670362065e-05,0.0
2012,municipal,"Baixa de Estimaveis - Encargos financeiros, taxas bancarias e/ou op. cartao de credito",True,1096,0,0.0,0.0,0.0,0.0,0.0
2012,municipal,Baixa de Estimaveis - Encargos sociais,False,11048,15,1953.25,0.17679670528602462,0.0,5.3797424825921274e-05,0.0
2012,municipal,Baixa de Estimaveis - Encargos sociais,True,1096,3,245.18,0.2237043795620438,0.0,4.107652891001073e-05,0.0
2012,municipal,Baixa de Estimaveis - Energia eletrica,False,11048,29,1307.94,0.11838703837798698,0.0,4.9353427050516314e-05,0.0
2012,municipal,Baixa de Estimaveis - Energia eletrica,True,1096,1,5.48,0.005,0.0,2.0436448978974574e-07,0.0
2012,municipal,Baixa de Estimaveis - Eventos de promocao da candidatura,False,11048,9,3256.69,0.29477643012309923,0.0,0.00010418517801994576,0.0
2012,municipal,Baixa de Estimaveis - Eventos de promocao da candidatura,True,1096,2,3700.0,3.375912408759124,0.0,9.91186462748265e-05,0.0
2012,municipal,"Baixa de Estimaveis - Impostos, contribuicoes e taxas",False,11048,1,34.86,0.003155322230267922,0.0,3.7940552207336527e-07,0.0
2012,municipal,"Baixa de Estimaveis - Impostos, contribuicoes e taxas",True,1096,0,0.0,0.0,0.0,0.0,0.0
2012,municipal,Baixa de Estimaveis - Locacao/cessao de bens imoveis,False,11048,115,110955.56,10.04304489500362,0.0,0.0019935422301006773,0.0
2012,municipal,Baixa de Estimaveis - Locacao/cessao de bens imoveis,True,1096,35,90119.15,82.22550182481751,0.0,0.004023006058451473,0.0
2012,municipal,Baixa de Estimaveis - Locacao/cessao de bens moveis,False,11048,115,139618.51,12.637446596669081,0.0,0.002976043671555521,0.0
2012,municipal,Baixa de Estimaveis - Locacao/cessao de bens moveis,True,1096,41,81409.49,74.27873175182482,0.0,0.00537147355349639,0.0
2012,municipal,Baixa de Estimaveis - Materiais de expediente,False,11048,69,21610.49,1.9560544895003622,0.0,0.000815597068076024,0.0
2012,municipal,Baixa de Estimaveis - Materiais de expediente,True,1096,16,2498.59,2.2797354014598543,0.0,0.0005641518728621886,0.0
2012,municipal,Baixa de Estimaveis - Pesquisas ou testes eleitorais,False,11048,5,722.37,0.0653846850108617,0.0,0.00014506921773996893,0.0
2012,municipal,Baixa de Estimaveis - Pesquisas ou testes eleitorais,True,1096,0,0.0,0.0,0.0,0.0,0.0
2012,municipal,Baixa de Estimaveis - Pre-instalacao fisica de comite de campanha de candidato,False,11048,13,5531.6900000000005,0.5006960535843592,0.0,0.00027398471183623174,0.0
2012,municipal,Baixa de Estimaveis - Pre-instalacao fisica de comite de campanha de candidato,True,1096,0,0.0,0.0,0.0,0.0,0.0
2012,municipal,"Baixa de Estimaveis - Producao de jingles, vinhetas e slogans",False,11048,198,36431.37,3.29755340333092,0.0,0.0029873100335482015,0.0
2012,municipal,"Baixa de Estimaveis - Producao de jingles, vinhetas e slogans",True,1096,27,6903.87,6.299151459854015,0.0,0.0017941665221484053,0.0
2012,municipal,"Baixa de Estimaveis - Producao de programas de radio, televisao ou video",False,11048,1309,821638.15,74.36985427226648,0.0,0.02803629479289091,0.0
2012,municipal,"Baixa de Estimaveis - Producao de programas de radio, televisao ou video",True,1096,137,85578.85,78.08289233576643,0.0,0.006642923618926958,0.0
2012,municipal,Baixa de Estimaveis - Publicidade por carros de som,False,11048,210,169161.21,15.31147809558291,0.0,0.0050775395207561,0.0
2012,municipal,Baixa de Estimaveis - Publicidade por carros de som,True,1096,29,51532.91,47.019078467153285,0.0,0.0038232483361689967,0.0
2012,municipal,Baixa de Estimaveis - Publicidade por jornais e revistas,False,11048,199,93668.39,8.478311911658219,0.0,0.002940652877459683,0.0
2012,municipal,Baixa de Estimaveis - Publicidade por jornais e revistas,True,1096,25,26656.59,24.321706204379563,0.0,0.004106269406576554,0.0
2012,municipal,Baixa de Estimaveis - Publicidade por materiais impressos,False,11048,5981,19193009.48,1737.2383671252717,42.6,0.25597241388362585,0.03856782036238922
2012,municipal,Baixa de Estimaveis - Publicidade por materiais impressos,True,1096,698,657767.72,600.1530291970803,95.1,0.15655275071500668,0.034256573974121976
2012,municipal,"Baixa de Estimaveis - Publicidade por placas, estandartes e faixas",False,11048,1680,790940.1,71.5912472845764,0.0,0.03730345331212914,0.0
2012,municipal,"Baixa de Estimaveis - Publicidade por placas, estandartes e faixas",True,1096,190,330643.06,301.6816240875912,0.0,0.026437621147594594,0.0
2012,municipal,Baixa de Estimaveis - Publicidade por telemarketing,False,11048,6,2247.5,0.2034304851556843,0.0,6.715051512939577e-05,0.0
2012,municipal,Baixa de Estimaveis - Publicidade por telemarketing,True,1096,0,0.0,0.0,0.0,0.0,0.0
2012,municipal,Baixa de Estimaveis - Servicos prestados por terceiros,False,11048,664,274156.72,24.81505430847212,0.0,0.01519609356238644,0.0
2012,municipal,Baixa de Estimaveis - Servicos prestados por terceiros,True,1096,88,59808.57,54.56986313868613,0.0,0.00989343239231101,0.0
2012,municipal,Baixa de Estimaveis - Telefone,False,11048,49,8547.7,0.7736875452570602,0.0,0.00038133041482310906,0.0
2012,municipal,Baixa de Estimaveis - Telefone,True,1096,6,5916.719999999999,5.398467153284671,0.0,6.941756758129205e-05,0.0
2012,municipal,Bens permanentes,False,11048,16,21378.2,1.9350289645184648,0.0,0.00025110046760567643,0.0
2012,municipal,Bens permanentes,True,1096,4,6015.99,5.489041970802919,0.0,0.0001682626087864665,0.0
2012,municipal,Cessao ou locacao de veiculos,False,11048,44,43080.36,3.8993808834178134,0.0,0.0007581662474413003,0.0
2012,municipal,Cessao ou locacao de veiculos,True,1096,24,55193.57,50.35909671532847,0.0,0.004083056407429439,0.0
2012,municipal,Combustiveis e lubrificantes,False,11048,1954,1537301.67,139.1475081462708,0.0,0.0518338220651702,0.0
2012,municipal,Combustiveis e lubrificantes,True,1096,585,933669.41,851.888147810219,151.235,0.14796671659962587,0.03376921187222487
2012,municipal,Comicios,False,11048,4,1239.0,0.11214699493120926,0.0,0.00021046240004187505,0.0
2012,municipal,Comicios,True,1096,2,6210.0,5.666058394160584,0.0,2.6131193227323957e-05,0.0
2012,municipal,Correspondencias e despesas postais,False,11048,55,105846.66,9.580617306299784,0.0,0.0007624655475530496,0.0
2012,municipal,Correspondencias e despesas postais,True,1096,23,117223.94,106.9561496350365,0.0,0.0028829748653864343,0.0
2012,municipal,Criacao e inclusao de paginas na internet,False,11048,17,6691.29,0.60565622737147,0.0,8.364524083366978e-05,0.0
2012,municipal,Criacao e inclusao de paginas na internet,True,1096,10,1845.5,1.6838503649635037,0.0,5.621590982404284e-05,0.0
2012,municipal,Despesas com pessoal,False,11048,22,49082.72,4.442679217958002,0.0,0.0006507139275591271,0.0
2012,municipal,Despesas com pessoal,True,1096,3,3962.95,3.615830291970803,0.0,0.00010019107662793597,0.0
2012,municipal,Despesas com transporte ou deslocamento,False,11048,24,8706.34,0.7880467052860246,0.0,0.0002501181563320777,0.0
2012,municipal,Despesas com transporte ou deslocamento,True,1096,9,16261.5,14.83713503649635,0.0,0.0012108025247236625,0.0
2012,municipal,Diversas a especificar,False,11048,428,210280.36000000002,19.033341781317887,0.0,0.006234064277633066,0.0
2012,municipal,Diversas a especificar,True,1096,121,89944.52,82.06616788321168,0.0,0.010132777558518836,0.0
2012,municipal,Doacoes financeiras a outros candidatos/comites financeiros/partido,False,11048,101,27860.170000000002,2.521738776249095,0.0,0.0009205779428010938,0.0
2012,municipal,Doacoes financeiras a outros candidatos/comites financeiros/partido,True,1096,28,139913.84,127.65861313868612,0.0,0.0011794161332350911,0.0
2012,municipal,"Encargos financeiros, taxas bancarias e/ou op. cartao de credito",False,11048,2,53.5,0.0048425054308472125,0.0,4.029926891079803e-06,0.0
2012,municipal,"Encargos financeiros, taxas bancarias e/ou op. cartao de credito",True,1096,1,6.0,0.005474452554744526,0.0,1.9124725082076945e-05,0.0
2012,municipal,Energia eletrica,False,11048,13,4071.9399999999996,0.3685680666183924,0.0,2.3123504189043182e-05,0.0
2012,municipal,Energia eletrica,True,1096,12,6781.5,6.1875,0.0,0.00011216650158109226,0.0
2012,municipal,Eventos de promocao da candidatura,False,11048,20,25686.0,2.3249456915278786,0.0,0.0004549370923464414,0.0
2012,municipal,Eventos de promocao da candidatura,True,1096,7,10206.0,9.312043795620438,0.0,0.0003448240275001029,0.0
2012,municipal,Locacao/cessao de bens imoveis,False,11048,10,20074.92,1.8170637219406225,0.0,9.067374571204751e-05,0.0
2012,municipal,Locacao/cessao de bens imoveis,True,1096,10,35408.93,32.30741788321168,0.0,0.0007559885234215201,0.0
2012,municipal,Locacao/cessao de bens moveis,False,11048,10,12981.0,1.1749637943519189,0.0,0.0001420235510949608,0.0
2012,municipal,Locacao/cessao de bens moveis,True,1096,5,24740.0,22.572992700729927,0.0,0.0008980447117346295,0.0
2012,municipal,Materiais de expediente,False,11048,203,38098.51,3.4484531136857353,0.0,0.0013720448469069966,0.0
2012,municipal,Materiais de expediente,True,1096,48,26769.940000000002,24.42512773722628,0.0,0.0015226224438532599,0.0
2012,municipal,Pesquisas ou testes eleitorais,False,11048,1,200.0,0.018102824040550327,0.0,4.259488009541253e-06,0.0
2012,municipal,Pesquisas ou testes eleitorais,True,1096,0,0.0,0.0,0.0,0.0,0.0
2012,municipal,Pre-instalacao fisica de comite de campanha de candidato,False,11048,5,14761.9,1.3361603910209991,0.0,1.3611995596814565e-05,0.0
2012,municipal,Pre-instalacao fisica de comite de campanha de candidato,True,1096,0,0.0,0.0,0.0,0.0,0.0
2012,municipal,"Producao de jingles, vinhetas e slogans",False,11048,206,63932.9,5.7868301955104995,0.0,0.003096009722300869,0.0
2012,municipal,"Producao de jingles, vinhetas e slogans",True,1096,72,49824.0,45.45985401459854,0.0,0.007279181195433622,0.0
2012,municipal,"Producao de programas de radio, televisao ou video",False,11048,35,62156.42,5.626033671252715,0.0,0.00044646532327177014,0.0
2012,municipal,"Producao de programas de radio, televisao ou video",True,1096,9,68007.17,62.050337591240876,0.0,0.0008208305385281465,0.0
2012,municipal,Publicidade por carros de som,False,11048,115,89335.51,8.08612509051412,0.0,0.0021113728887154222,0.0
2012,municipal,Publicidade por carros de som,True,1096,34,85396.36,77.91638686131387,0.0,0.004915933380614045,0.0
2012,municipal,Publicidade por jornais e revistas,False,11048,326,208508.99,18.873007784214337,0.0,0.00465422455440335,0.0
2012,municipal,Publicidade por jornais e revistas,True,1096,97,200196.98,182.6614781021898,0.0,0.009797503726295839,0.0
2012,municipal,Publicidade por materiais impressos,False,11048,3796,4402884.74,398.5232385952209,0.0,0.17348654640366268,0.0
2012,municipal,Publicidade por materiais impressos,True,1096,816,2532061.48,2310.2750729927006,604.75,0.3363555475333504,0.25530893332515114
2012,municipal,"Publicidade por placas, estandartes e faixas",False,11048,939,1017796.28,92.12493482983345,0.0,0.020698130023590774,0.0
2012,municipal,"Publicidade por placas, estandartes e faixas",True,1096,275,768267.05,700.9735857664234,0.0,0.04734096677470392,0.0
2012,municipal,Publicidade por telemarketing,False,11048,11,25592.0,2.3164373642288196,0.0,0.0001535688864469912,0.0
2012,municipal,Publicidade por telemarketing,True,1096,5,11760.0,10.72992700729927,0.0,0.00033022178364870605,0.0
2012,municipal,Reembolsos de gastos realizados por eleitores,False,11048,1,136.78,0.012380521361332369,0.0,1.3806713439491524e-06,0.0
2012,municipal,Reembolsos de gastos realizados por eleitores,True,1096,0,0.0,0.0,0.0,0.0,0.0
2012,municipal,Servicos prestados por terceiros,False,11048,238,135956.74,12.30600470673425,0.0,0.005251045491676972,0.0
2012,municipal,Servicos prestados por terceiros,True,1096,53,83618.73999999999,76.2944708029197,0.0,0.003426720573536008,0.0
2012,municipal,Telefone,False,11048,24,25280.12,2.2882078204199856,0.0,0.0001507442600274184,0.0
2012,municipal,Telefone,True,1096,14,38452.799999999996,35.08467153284671,0.0,0.0005756666601359862,0.0
2014,estadual,Agua,False,542,6,5441.18,10.039077490774908,0.0,8.854361123617442e-05,0.0
2014,estadual,Agua,True,33,6,2028.75,61.47727272727273,0.0,0.00027040551390896067,0.0
2014,estadual,Alimentacao,False,542,27,67152.97,123.89846863468635,0.0,0.0022944919692196785,0.0
2014,estadual,Alimentacao,True,33,12,40519.25,1227.8560606060605,0.0,0.004458772093387344,0.0
2014,estadual,Aquisicao/Doacao de bens moveis ou imoveis,False,542,3,17674.0,32.608856088560884,0.0,0.0004592759787301658,0.0
2014,estadual,Aquisicao/Doacao de bens moveis ou imoveis,True,33,1,24606.0,745.6363636363636,0.0,0.0008196873175506774,0.0
2014,estadual,Atividades de militancia e mobilizacao de rua,False,542,22,344785.65,636.1358856088561,0.0,0.011936627867654186,0.0
2014,estadual,Atividades de militancia e mobilizacao de rua,True,33,5,214174.76,6490.144242424242,0.0,0.027117073690027617,0.0
2014,estadual,Baixa de Estimaveis - Alimentacao,False,542,1,210.62,0.38859778597785977,0.0,1.2796165276879502e-05,0.0
2014,estadual,Baixa de Estimaveis - Alimentacao,True,33,0,0.0,0.0,0.0,0.0,0.0
2014,estadual,Baixa de Estimaveis - Atividades de militancia e mobilizacao de rua,False,542,8,70112.23,129.35835793357933,0.0,0.00510808477851133,0.0
2014,estadual,Baixa de Estimaveis - Atividades de militancia e mobilizacao de rua,True,33,4,143664.75,4353.477272727273,0.0,0.017736034518892344,0.0
2014,estadual,Baixa de Estimaveis - Cessao ou locacao de veiculos,False,542,98,1199212.39,2212.5689852398523,0.0,0.037339896517971295,0.0
2014,estadual,Baixa de Estimaveis - Cessao ou locacao de veiculos,True,33,20,542411.4,16436.70909090909,5000.0,0.0846281079041826,0.03793241770799056
2014,estadual,Baixa de Estimaveis - Combustiveis e lubrificantes,False,542,44,83053.54000000001,153.23531365313656,0.0,0.014300560749991165,0.0
2014,estadual,Baixa de Estimaveis - Combustiveis e lubrificantes,True,33,7,32018.4,970.2545454545455,0.0,0.007969486396282198,0.0
2014,estadual,Baixa de Estimaveis - Correspondencias e despesas postais,False,542,0,0.0,0.0,0.0,0.0,0.0
2014,estadual,Baixa de Estimaveis - Correspondencias e despesas postais,True,33,1,28990.0,878.4848484848485,0.0,0.0077036767427543056,0.0
2014,estadual,Baixa de Estimaveis - Criacao e inclusao de paginas na internet,False,542,3,1164.0,2.1476014760147604,0.0,2.1674700753598323e-05,0.0
2014,estadual,Baixa de Estimaveis - Criacao e inclusao de paginas na internet,True,33,2,1794.57,54.380909090909086,0.0,0.00028952918340827865,0.0
2014,estadual,Baixa de Estimaveis - Despesas com pessoal,False,542,26,211301.3,389.85479704797046,0.0,0.008467418224486429,0.0
2014,estadual,Baixa de Estimaveis - Despesas com pessoal,True,33,9,108466.54,3286.864848484848,0.0,0.014728217730375028,0.0
2014,estadual,Baixa de Estimaveis - Despesas com transporte ou deslocamento,False,542,1,3000.0,5.535055350553505,0.0,0.00019143438606390647,0.0
2014,estadual,Baixa de Estimaveis - Despesas com transporte ou deslocamento,True,33,1,14732.14,446.42848484848486,0.0,0.0024172280010874925,0.0
2014,estadual,Baixa de Estimaveis - Diversas a especificar,False,542,27,55307.16,102.04273062730628,0.0,0.01395927127360356,0.0
2014,estadual,Baixa de Estimaveis - Diversas a especificar,True,33,4,40848.0,1237.8181818181818,0.0,0.007725869011403527,0.0
2014,estadual,Baixa de Estimaveis - Eventos de promocao da candidatura,False,542,5,37275.0,68.7730627306273,0.0,0.0012469952723737263,0.0
2014,estadual,Baixa de Estimaveis - Eventos de promocao da candidatura,True,33,1,10000.0,303.030303030303,0.0,0.0013656553416652047,0.0
2014,estadual,"Baixa de Estimaveis - Impostos, contribuicoes e taxas",False,542,1,50.0,0.09225092250922509,0.0,2.768618510970075e-07,0.0
2014,estadual,"Baixa de Estimaveis - Impostos, contribuicoes e taxas",True,33,0,0.0,0.0,0.0,0.0,0.0
2014,estadual,Baixa de Estimaveis - Locacao/cessao de bens imoveis,False,542,37,179724.39,331.594815498155,0.0,0.00855784483169694,0.0
2014,estadual,Baixa de Estimaveis - Locacao/cessao de bens imoveis,True,33,10,76362.68,2314.020606060606,0.0,0.012538185484703299,0.0
2014,estadual,Baixa de Estimaveis - Locacao/cessao de bens moveis,False,542,17,92259.14,170.219815498155,0.0,0.005560801334532069,0.0
2014,estadual,Baixa de Estimaveis - Locacao/cessao de bens moveis,True,33,11,129009.67,3909.3839393939393,0.0,0.026223417282200717,0.0
2014,estadual,Baixa de Estimaveis - Materiais de expediente,False,542,2,1213.2,2.2383763837638377,0.0,4.8371332709316174e-05,0.0
2014,estadual,Baixa de Estimaveis - Materiais de expediente,True,33,0,0.0,0.0,0.0,0.0,0.0
2014,estadual,Baixa de Estimaveis - Preparacao de campanha e instalacao fisica de comites de campanha,False,542,1,404.0,0.7453874538745388,0.0,2.4544918677520267e-05,0.0
2014,estadual,Baixa de Estimaveis - Preparacao de campanha e instalacao fisica de comites de campanha,True,33,0,0.0,0.0,0.0,0.0,0.0
2014,estadual,"Baixa de Estimaveis - Producao de jingles, vinhetas e slogans",False,542,30,24944.4,46.02287822878229,0.0,0.0038386851527875848,0.0
2014,estadual,"Baixa de Estimaveis - Producao de jingles, vinhetas e slogans",True,33,11,15975.0,484.09090909090907,0.0,0.0026472619922661483,0.0
2014,estadual,"Baixa de Estimaveis - Producao de programas de radio, televisao ou video",False,542,166,452955.29,835.7108671586716,0.0,0.06541386609841546,0.0
2014,estadual,"Baixa de Estimaveis - Producao de programas de radio, televisao ou video",True,33,20,117523.45999999999,3561.3169696969694,961.54,0.01957613226623763,0.0060412418524297415
2014,estadual,Baixa de Estimaveis - Publicidade por carros de som,False,542,8,28192.0,52.01476014760148,0.0,0.0009587148050681021,0.0
2014,estadual,Baixa de Estimaveis - Publicidade por carros de som,True,33,6,113625.16,3443.186666666667,0.0,0.013427133966522677,0.0
2014,estadual,Baixa de Estimaveis - Publicidade por jornais e revistas,False,542,6,3360.0,6.199261992619927,0.0,0.00017098038913215837,0.0
2014,estadual,Baixa de Estimaveis - Publicidade por jornais e revistas,True,33,2,9035.5,273.8030303030303,0.0,0.00031531584156699457,0.0
2014,estadual,Baixa de Estimaveis - Publicidade por materiais impressos,False,542,246,608627.25,1122.9285055350554,0.0,0.11585880557901271,0.0
2014,estadual,Baixa de Estimaveis - Publicidade por materiais impressos,True,33,26,332517.22,10076.279393939392,3000.0,0.047352047956923674,0.023184602879788713
2014,estadual,"Baixa de Estimaveis - Publicidade por placas, estandartes e faixas",False,542,92,217929.58,402.0840959409594,0.0,0.03433251306277547,0.0
2014,estadual,"Baixa de Estimaveis - Publicidade por placas, estandartes e faixas",True,33,15,252037.82,7637.509696969697,0.0,0.01791613197576184,0.0
2014,estadual,Baixa de Estimaveis - Recursos de outros candidatos/comites,False,542,12,12522.58,23.10439114391144,0.0,0.002773474072631935,0.0
2014,estadual,Baixa de Estimaveis - Recursos de outros candidatos/comites,True,33,2,3224.15,97.70151515151515,0.0,0.00039266023761753586,0.0
2014,estadual,Baixa de Estimaveis - Recursos de pessoas juridicas,False,542,1,250.0,0.4612546125461255,0.0,3.335051365033722e-05,0.0
2014,estadual,Baixa de Estimaveis - Recursos de pessoas juridicas,True,33,0,0.0,0.0,0.0,0.0,0.0
2014,estadual,Baixa de Estimaveis - Servicos prestados por terceiros,False,542,232,518020.69,955.7577306273063,0.0,0.1287357582201266,0.0
2014,estadual,Baixa de Estimaveis - Servicos prestados por terceiros,True,33,21,150046.97,4546.877878787879,2000.0,0.03202263992634833,0.011019333935625639
2014,estadual,Baixa de Estimaveis - Telefone,False,542,2,835.69,1.5418634686346864,0.0,4.2904545053795596e-05,0.0
2014,estadual,Baixa de Estimaveis - Telefone,True,33,1,748.8,22.690909090909088,0.0,8.767572537225756e-05,0.0
2014,estadual,Cessao ou locacao de veiculos,False,542,41,334094.98,616.4114022140221,0.0,0.012774543963717777,0.0
2014,estadual,Cessao ou locacao de veiculos,True,33,15,222385.61,6738.957878787878,0.0,0.03167673783506122,0.0
2014,estadual,Combustiveis e lubrificantes,False,542,124,738932.05,1363.343265682657,0.0,0.024471762843389207,0.0
2014,estadual,Combustiveis e lubrificantes,True,33,31,479280.15,14523.64090909091,9978.23,0.06175325134976733,0.046151645432861044
2014,estadual,Comicios,False,542,0,0.0,0.0,0.0,0.0,0.0
2014,estadual,Comicios,True,33,4,42500.0,1287.878787878788,0.0,0.0039056942581703704,0.0
2014,estadual,Correspondencias e despesas postais,False,542,21,68996.22,127.29929889298893,0.0,0.0023761735477236244,0.0
2014,estadual,Correspondencias e despesas postais,True,33,5,54128.369999999995,1640.2536363636361,0.0,0.006152209148080269,0.0
2014,estadual,Criacao e inclusao de paginas na internet,False,542,9,108803.71,200.744852398524,0.0,0.0012515817385804413,0.0
2014,estadual,Criacao e inclusao de paginas na internet,True,33,4,8575.0,259.8484848484849,0.0,0.0014259574945275717,0.0
2014,estadual,Despesas com pessoal,False,542,70,1551229.26,2862.046605166052,0.0,0.036775795204783454,0.0
2014,estadual,Despesas com pessoal,True,33,15,561036.8200000001,17001.11575757576,0.0,0.07978055921357068,0.0
2014,estadual,Despesas com transporte ou deslocamento,False,542,11,5976.139999999999,11.026088560885608,0.0,0.00042074365405445394,0.0
2014,estadual,Despesas com transporte ou deslocamento,True,33,5,16780.71,508.50636363636363,0.0,0.0020309276560386935,0.0
2014,estadual,Diversas a especificar,False,542,42,120381.78,222.10660516605165,0.0,0.007437441835492999,0.0
2014,estadual,Diversas a especificar,True,33,12,59512.479999999996,1803.4084848484847,0.0,0.008871638244851345,0.0
2014,estadual,Doacoes financeiras a outros candidatos/comites financeiros/partidos,False,542,2,313.20000000000005,0.577859778597786,0.0,9.308787922033042e-05,0.0
2014,estadual,Doacoes financeiras a outros candidatos/comites financeiros/partidos,True,33,5,73810.1,2236.6696969696973,0.0,0.011421396667292243,0.0
2014,estadual,"Encargos financeiros, taxas bancarias e/ou op. cartao de credito",False,542,176,15505.26,28.60749077490775,0.0,0.004969172908154397,0.0
2014,estadual,"Encargos financeiros, taxas bancarias e/ou op. cartao de credito",True,33,29,5946.71,180.20333333333335,115.0,0.0008669069977302416,0.0006369175014791618
2014,estadual,Encargos sociais,False,542,1,721.38,1.330959409594096,0.0,5.444093304191327e-05,0.0
2014,estadual,Encargos sociais,True,33,0,0.0,0.0,0.0,0.0,0.0
2014,estadual,Energia eletrica,False,542,5,3032.6099999999997,5.595221402214022,0.0,2.9734377028868717e-05,0.0
2014,estadual,Energia eletrica,True,33,6,2411.4300000000003,73.07363636363637,0.0,0.0002498507749449981,0.0
2014,estadual,Eventos de promocao da candidatura,False,542,7,24621.88,45.42782287822878,0.0,0.0004658246437345402,0.0
2014,estadual,Eventos de promocao da candidatura,True,33,6,7155.0,216.8181818181818,0.0,0.0008558963946685387,0.0
2014,estadual,"Impostos, contribuicoes e taxas",False,542,7,187.70000000000002,0.346309963099631,0.0,4.181448120089023e-05,0.0
2014,estadual,"Impostos, contribuicoes e taxas",True,33,1,1234.56,37.41090909090909,0.0,0.00020256480056682702,0.0
2014,estadual,Locacao/cessao de bens imoveis,False,542,33,94964.91,175.21201107011072,0.0,0.003018205252263734,0.0
2014,estadual,Locacao/cessao de bens imoveis,True,33,17,114222.0,3461.2727272727275,1100.0,0.015396695904525344,0.005856088956333682
2014,estadual,Locacao/cessao de bens moveis,False,542,16,295274.0,544.7859778597787,0.0,0.006785424397200582,0.0
2014,estadual,Locacao/cessao de bens moveis,True,33,11,103421.2,3133.9757575757576,0.0,0.014523334107207757,0.0
2014,estadual,Materiais de expediente,False,542,25,10619.8,19.59372693726937,0.0,0.00045484000245997165,0.0
2014,estadual,Materiais de expediente,True,33,6,3751.46,113.68060606060607,0.0,0.00042046710063711664,0.0
2014,estadual,Pesquisas ou testes eleitorais,False,542,2,7000.0,12.915129151291513,0.0,0.00015604290170870278,0.0
2014,estadual,Pesquisas ou testes eleitorais,True,33,1,15000.0,454.54545454545456,0.0,0.0018571573859503957,0.0
2014,estadual,Preparacao de campanha e instalacao fisica de comites de campanha,False,542,9,12531.41,23.120682656826567,0.0,0.0004017974661960686,0.0
2014,estadual,Preparacao de campanha e instalacao fisica de comites de campanha,True,33,4,14169.17,429.3687878787879,0.0,0.0026741547104781817,0.0
2014,estadual,"Producao de jingles, vinhetas e slogans",False,542,34,44737.0,82.54059040590406,0.0,0.0030548915253067054,0.0
2014,estadual,"Producao de jingles, vinhetas e slogans",True,33,11,42022.0,1273.3939393939395,0.0,0.0025957606234398574,0.0
2014,estadual,"Producao de programas de radio, televisao ou video",False,542,4,16400.0,30.25830258302583,0.0,0.0011197094035388653,0.0
2014,estadual,"Producao de programas de radio, televisao ou video",True,33,6,62141.0,1883.060606060606,0.0,0.0063861028843365045,0.0
2014,estadual,Publicidade por carros de som,False,542,37,398602.05,735.4281365313653,0.0,0.008780445400546828,0.0
2014,estadual,Publicidade por carros de som,True,33,12,229136.5,6943.530303030303,0.0,0.026240277262017404,0.0
2014,estadual,Publicidade por jornais e revistas,False,542,33,176627.45,325.88090405904063,0.0,0.008327784720781353,0.0
2014,estadual,Publicidade por jornais e revistas,True,33,7,43747.7,1325.6878787878786,0.0,0.005740176146942557,0.0
2014,estadual,Publicidade por materiais impressos,False,542,177,2025518.87,3737.1196863468635,0.0,0.0933512572894416,0.0
2014,estadual,Publicidade por materiais impressos,True,33,33,1736491.34,52620.9496969697,27367.0,0.2547481699819449,0.2218898861212954
2014,estadual,"Publicidade por placas, estandartes e faixas",False,542,82,676141.36,1247.4932841328414,0.0,0.016478325644087716,0.0
2014,estadual,"Publicidade por placas, estandartes e faixas",True,33,25,501368.08,15192.972121212122,2750.0,0.05806115230712605,0.019021829749036084
2014,estadual,Publicidade por telemarketing,False,542,1,5000.0,9.22509225092251,0.0,0.00030279193530927334,0.0
2014,estadual,Publicidade por telemarketing,True,33,1,3900.0,118.18181818181819,0.0,0.0010363690685319695,0.0
2014,estadual,Servicos prestados por terceiros,False,542,96,880821.31,1625.1315682656827,0.0,0.03899116487139238,0.0
2014,estadual,Servicos prestados por terceiros,True,33,20,574650.04,17413.637575757577,3800.0,0.04925711705649531,0.015544851889660323
2014,estadual,Telefone,False,542,9,5721.26,10.555830258302583,0.0,0.0001545811390818904,0.0
2014,estadual,Telefone,True,33,6,21410.17,648.7930303030303,0.0,0.00214112852464968,0.0
2014,federal,Agua,False,242,5,550.01,2.272768595041322,0.0,1.3305835690079587e-05,0.0
2014,federal,Agua,True,8,2,491.09999999999997,61.387499999999996,0.0,0.000140680426211275,0.0
2014,federal,Alimentacao,False,242,16,51969.45,214.74979338842974,0.0,0.003021395215732926,0.0
2014,federal,Alimentacao,True,8,5,45751.82,5718.9775,4618.844999999999,0.007697313698208348,0.004325526719180834
2014,federal,Aquisicao/Doacao de bens moveis ou imoveis,False,242,2,2219.9,9.173140495867768,0.0,2.7942712755499245e-05,0.0
2014,federal,Aquisicao/Doacao de bens moveis ou imoveis,True,8,0,0.0,0.0,0.0,0.0,0.0
2014,federal,Atividades de militancia e mobilizacao de rua,False,242,8,312884.75,1292.9121900826447,0.0,0.010623577662911478,0.0
2014,federal,Atividades de militancia e mobilizacao de rua,True,8,3,117100.0,14637.5,0.0,0.035912710654058835,0.0
2014,federal,Baixa de Estimaveis - Agua,False,242,1,30.3,0.12520661157024793,0.0,1.932079444551059e-06,0.0
2014,federal,Baixa de Estimaveis - Agua,True,8,0,0.0,0.0,0.0,0.0,0.0
2014,federal,Baixa de Estimaveis - Alimentacao,False,242,1,65.0,0.26859504132231404,0.0,2.6963456345480134e-06,0.0
2014,federal,Baixa de Estimaveis - Alimentacao,True,8,0,0.0,0.0,0.0,0.0,0.0
2014,federal,Baixa de Estimaveis - Atividades de militancia e mobilizacao de rua,False,242,7,78686.0,325.1487603305785,0.0,0.004163840717632815,0.0
2014,federal,Baixa de Estimaveis - Atividades de militancia e mobilizacao de rua,True,8,1,10388.45,1298.55625,0.0,0.003958514763751684,0.0
2014,federal,Baixa de Estimaveis - Cessao ou locacao de veiculos,False,242,46,512823.15,2119.1039256198346,0.0,0.02331418145427164,0.0
2014,federal,Baixa de Estimaveis - Cessao ou locacao de veiculos,True,8,6,158600.0,19825.0,6750.0,0.04292151480698592,0.022855343463860957
2014,federal,Baixa de Estimaveis - Combustiveis e lubrificantes,False,242,12,22438.19,92.71979338842975,0.0,0.0025909619824765794,0.0
2014,federal,Baixa de Estimaveis - Combustiveis e lubrificantes,True,8,1,3200.0,400.0,0.0,0.002774287762304573,0.0
2014,federal,Baixa de Estimaveis - Correspondencias e despesas postais,False,242,0,0.0,0.0,0.0,0.0,0.0
2014,federal,Baixa de Estimaveis - Correspondencias e despesas postais,True,8,1,34559.95,4319.99375,0.0,0.0008947070110827786,0.0
2014,federal,Baixa de Estimaveis - Criacao e inclusao de paginas na internet,False,242,6,3466.5,14.324380165289256,0.0,0.00036510669893420226,0.0
2014,federal,Baixa de Estimaveis - Criacao e inclusao de paginas na internet,True,8,0,0.0,0.0,0.0,0.0,0.0
2014,federal,Baixa de Estimaveis - Despesas com pessoal,False,242,18,115645.6,477.87438016528927,0.0,0.01868228907504975,0.0
2014,federal,Baixa de Estimaveis - Despesas com pessoal,True,8,5,46986.53,5873.31625,4058.0,0.0146189938556391,0.0024604965703705606
2014,federal,Baixa de Estimaveis - Despesas com transporte ou deslocamento,False,242,1,724.0,2.9917355371900825,0.0,0.00010506294104577358,0.0
2014,federal,Baixa de Estimaveis - Despesas com transporte ou deslocamento,True,8,0,0.0,0.0,0.0,0.0,0.0
2014,federal,Baixa de Estimaveis - Diversas a especificar,False,242,16,36356.5,150.23347107438016,0.0,0.01565952876394096,0.0
2014,federal,Baixa de Estimaveis - Diversas a especificar,True,8,1,50.0,6.25,0.0,1.1995411802967012e-05,0.0
2014,federal,Baixa de Estimaveis - Energia eletrica,False,242,2,223.87,0.9250826446280992,0.0,4.179393514595188e-06,0.0
2014,federal,Baixa de Estimaveis - Energia eletrica,True,8,0,0.0,0.0,0.0,0.0,0.0
2014,federal,Baixa de Estimaveis - Eventos de promocao da candidatura,False,242,1,20000.0,82.64462809917356,0.0,0.0005436394074081691,0.0
2014,federal,Baixa de Estimaveis - Eventos de promocao da candidatura,True,8,0,0.0,0.0,0.0,0.0,0.0
2014,federal,"Baixa de Estimaveis - Impostos, contribuicoes e taxas",False,242,1,749.59,3.0974793388429753,0.0,6.669244968057119e-06,0.0
2014,federal,"Baixa de Estimaveis - Impostos, contribuicoes e taxas",True,8,1,4850.84,606.355,0.0,0.00012558121633974548,0.0
2014,federal,Baixa de Estimaveis - Locacao/cessao de bens imoveis,False,242,12,40064.61,165.5562396694215,0.0,0.003450120317177067,0.0
2014,federal,Baixa de Estimaveis - Locacao/cessao de bens imoveis,True,8,2,12351.15,1543.89375,0.0,0.0005345425953966958,0.0
2014,federal,Baixa de Estimaveis - Locacao/cessao de bens moveis,False,242,7,27981.0,115.62396694214875,0.0,0.0031642911076072877,0.0
2014,federal,Baixa de Estimaveis - Locacao/cessao de bens moveis,True,8,0,0.0,0.0,0.0,0.0,0.0
2014,federal,Baixa de Estimaveis - Materiais de expediente,False,242,2,1145.0,4.731404958677686,0.0,0.004140575492127368,0.0
2014,federal,Baixa de Estimaveis - Materiais de expediente,True,8,0,0.0,0.0,0.0,0.0,0.0
2014,federal,Baixa de Estimaveis - Pesquisas ou testes eleitorais,False,242,1,145.0,0.5991735537190083,0.0,9.273007944294624e-05,0.0
2014,federal,Baixa de Estimaveis - Pesquisas ou testes eleitorais,True,8,0,0.0,0.0,0.0,0.0,0.0
2014,federal,"Baixa de Estimaveis - Producao de jingles, vinhetas e slogans",False,242,9,5005.0,20.681818181818183,0.0,0.0006370744601478018,0.0
2014,federal,"Baixa de Estimaveis - Producao de jingles, vinhetas e slogans",True,8,0,0.0,0.0,0.0,0.0,0.0
2014,federal,"Baixa de Estimaveis - Producao de programas de radio, televisao ou video",False,242,70,211169.52,872.6013223140495,0.0,0.07861428051085133,0.0
2014,federal,"Baixa de Estimaveis - Producao de programas de radio, televisao ou video",True,8,6,73315.26,9164.4075,8250.0,0.014907424684431687,0.011792712476489149
2014,federal,Baixa de Estimaveis - Publicidade por carros de som,False,242,1,3000.0,12.396694214876034,0.0,0.00017014653131573623,0.0
2014,federal,Baixa de Estimaveis - Publicidade por carros de som,True,8,2,7415.0,926.875,0.0,0.0003631793504490538,0.0
2014,federal,Baixa de Estimaveis - Publicidade por jornais e revistas,False,242,3,35698.0,147.51239669421489,0.0,0.0019103419354598548,0.0
2014,federal,Baixa de Estimaveis - Publicidade por jornais e revistas,True,8,2,6547.0,818.375,0.0,0.00019278311015419618,0.0
2014,federal,Baixa de Estimaveis - Publicidade por materiais impressos,False,242,109,461037.25,1905.1126033057851,0.0,0.11258438969241927,0.0
2014,federal,Baixa de Estimaveis - Publicidade por materiais impressos,True,8,5,833885.36,104235.67,15606.39,0.063881933943484,0.04026926238791806
2014,federal,"Baixa de Estimaveis - Publicidade por placas, estandartes e faixas",False,242,37,134812.7,557.0772727272728,0.0,0.028774848670659433,0.0
2014,federal,"Baixa de Estimaveis - Publicidade por placas, estandartes e faixas",True,8,4,347936.14999999997,43492.018749999996,625.0,0.020783848595665334,0.0019617245259790864
2014,federal,Baixa de Estimaveis - Recursos de outros candidatos/comites,False,242,3,2035.0,8.409090909090908,0.0,0.0008711457937481486,0.0
2014,federal,Baixa de Estimaveis - Recursos de outros candidatos/comites,True,8,0,0.0,0.0,0.0,0.0,0.0
2014,federal,Baixa de Estimaveis - Servicos prestados por terceiros,False,242,107,264532.88,1093.1110743801653,0.0,0.16827963706045046,0.0
2014,federal,Baixa de Estimaveis - Servicos prestados por terceiros,True,8,7,20311.59,2538.94875,1947.285,0.0058832783540745375,0.0023241871387008534
2014,federal,Baixa de Estimaveis - Telefone,False,242,1,484.0,2.0,0.0,1.1639266088404648e-05,0.0
2014,federal,Baixa de Estimaveis - Telefone,True,8,0,0.0,0.0,0.0,0.0,0.0
2014,federal,Cessao ou locacao de veiculos,False,242,21,483712.13,1998.8104545454546,0.0,0.010708363026630672,0.0
2014,federal,Cessao ou locacao de veiculos,True,8,4,69750.0,8718.75,2375.0,0.02398431383363961,0.0004918824596266139
2014,federal,Combustiveis e lubrificantes,False,242,58,455193.51,1880.9649173553719,0.0,0.018276686771210617,0.0
2014,federal,Combustiveis e lubrificantes,True,8,7,156961.81,19620.22625,18825.805,0.04076040250015421,0.01100292490683518
2014,federal,Comicios,False,242,1,3000.0,12.396694214876034,0.0,0.00011946237439735912,0.0
2014,federal,Comicios,True,8,1,1000.0,125.0,0.0,0.00023990823605934025,0.0
2014,federal,Correspondencias e despesas postais,False,242,12,112268.61,463.91987603305785,0.0,0.002148662448462175,0.0
2014,federal,Correspondencias e despesas postais,True,8,4,151091.02,18886.3775,20.0,0.017110672039113678,5.701336187954354e-05
2014,federal,Criacao e inclusao de paginas na internet,False,242,6,11773.7,48.651652892561984,0.0,0.0006725711134683081,0.0
2014,federal,Criacao e inclusao de paginas na internet,True,8,1,608.0,76.0,0.0,0.00014586420752407887,0.0
2014,federal,Despesas com pessoal,False,242,32,1130796.8699999999,4672.714338842975,0.0,0.027940770671514292,0.0
2014,federal,Despesas com pessoal,True,8,5,1006267.1699999999,125783.39624999999,40953.0,0.09099051446105605,0.050340939768324905
2014,federal,Despesas com transporte ou deslocamento,False,242,7,13368.79,55.24293388429752,0.0,0.0011330984355876375,0.0
2014,federal,Despesas com transporte ou deslocamento,True,8,2,6680.26,835.0325,0.0,0.002298735094302153,0.0
2014,federal,Diversas a especificar,False,242,23,124454.12999999999,514.2732644628098,0.0,0.006754790545639951,0.0
2014,federal,Diversas a especificar,True,8,5,26823.22,3352.9025,2363.8049999999994,0.008879711075743153,0.004336533485702905
2014,federal,Doacoes financeiras a outros candidatos/comites financeiros/partidos,False,242,7,309500.0,1278.9256198347107,0.0,0.003651130440071131,0.0
2014,federal,Doacoes financeiras a outros candidatos/comites financeiros/partidos,True,8,3,2965485.0,370685.625,0.0,0.10301095676268367,0.0
2014,federal,"Encargos financeiros, taxas bancarias e/ou op. cartao de credito",False,242,78,8869.28,36.649917355371905,0.0,0.0015878804545261757,0.0
2014,federal,"Encargos financeiros, taxas bancarias e/ou op. cartao de credito",True,8,8,3915.54,489.4425,155.10000000000002,0.0005770146104114386,0.0003585404008288397
2014,federal,Encargos sociais,False,242,0,0.0,0.0,0.0,0.0,0.0
2014,federal,Encargos sociais,True,8,1,941.2,117.65,0.0,0.0003586438877448594,0.0
2014,federal,Energia eletrica,False,242,5,1915.69,7.9160743801652895,0.0,4.581010404238784e-05,0.0
2014,federal,Energia eletrica,True,8,1,520.8,65.1,0.0,1.3482757103870552e-05,0.0
2014,federal,Eventos de promocao da candidatura,False,242,2,6960.0,28.760330578512395,0.0,0.00017988216711783088,0.0
2014,federal,Eventos de promocao da candidatura,True,8,0,0.0,0.0,0.0,0.0,0.0
2014,federal,"Impostos, contribuicoes e taxas",False,242,4,749.35,3.096487603305785,0.0,3.0474401084400494e-05,0.0
2014,federal,"Impostos, contribuicoes e taxas",True,8,2,443.7,55.4625,0.0,0.00015511304957703255,0.0
2014,federal,Locacao/cessao de bens imoveis,False,242,15,75589.53,312.3534297520661,0.0,0.0017140490205272225,0.0
2014,federal,Locacao/cessao de bens imoveis,True,8,5,27700.0,3462.5,3350.0,0.006594800866191339,0.001322663943229419
2014,federal,Locacao/cessao de bens moveis,False,242,5,54877.16,226.76512396694216,0.0,0.001556057321478571,0.0
2014,federal,Locacao/cessao de bens moveis,True,8,2,57100.57,7137.57125,0.0,0.010585096028517597,0.0
2014,federal,Materiais de expediente,False,242,13,33031.61,136.4942561983471,0.0,0.0015624861843384515,0.0
2014,federal,Materiais de expediente,True,8,2,2190.24,273.78,0.0,9.097683597468428e-05,0.0
2014,federal,Pesquisas ou testes eleitorais,False,242,1,1800.0,7.43801652892562,0.0,0.0004334695394163629,0.0
2014,federal,Pesquisas ou testes eleitorais,True,8,0,0.0,0.0,0.0,0.0,0.0
2014,federal,Preparacao de campanha e instalacao fisica de comites de campanha,False,242,2,2941.8,12.15619834710744,0.0,3.318933038674122e-05,0.0
2014,federal,Preparacao de campanha e instalacao fisica de comites de campanha,True,8,1,352.0,44.0,0.0,8.444769909288777e-05,0.0
2014,federal,"Producao de jingles, vinhetas e slogans",False,242,17,25440.0,105.12396694214875,0.0,0.0011605231062989114,0.0
2014,federal,"Producao de jingles, vinhetas e slogans",True,8,4,12350.0,1543.75,175.0,0.004411214934904592,0.00011776166566406627
2014,federal,"Producao de programas de radio, televisao ou video",False,242,8,101420.5,419.0929752066116,0.0,0.00254159204393937,0.0
2014,federal,"Producao de programas de radio, televisao ou video",True,8,0,0.0,0.0,0.0,0.0,0.0
2014,federal,Publicidade por carros de som,False,242,13,99526.68,411.2672727272727,0.0,0.005542899073459465,0.0
2014,federal,Publicidade por carros de som,True,8,2,48445.83,6055.72875,0.0,0.013598532777743116,0.0
2014,federal,Publicidade por jornais e revistas,False,242,18,157861.03,652.3183057851239,0.0,0.005216953951784949,0.0
2014,federal,Publicidade por jornais e revistas,True,8,7,143382.75,17922.84375,9341.725,0.04044537813875714,0.011245636734277316
2014,federal,Publicidade por materiais impressos,False,242,92,1737395.99,7179.322272727272,0.0,0.11497686324160147,0.0
2014,federal,Publicidade por materiais impressos,True,8,8,1038603.48,129825.435,107966.25,0.26167702646098445,0.28376071444827444
2014,federal,"Publicidade por placas, estandartes e faixas",False,242,45,579539.27,2394.7903719008264,0.0,0.023051171840727115,0.0
2014,federal,"Publicidade por placas, estandartes e faixas",True,8,8,292063.75,36507.96875,35738.5,0.08253102177221126,0.04480773505807332
2014,federal,Publicidade por telemarketing,False,242,1,2640.0,10.909090909090908,0.0,2.3488582712777376e-05,0.0
2014,federal,Publicidade por telemarketing,True,8,0,0.0,0.0,0.0,0.0,0.0
2014,federal,Servicos prestados por terceiros,False,242,47,842856.49,3482.8780578512396,0.0,0.026707996917028232,0.0
2014,federal,Servicos prestados por terceiros,True,8,6,632694.44,79086.805,8500.0,0.07445144388327414,0.02622764152503492
2014,federal,Telefone,False,242,6,2977.5,12.303719008264462,0.0,7.156793124400684e-05,0.0
2014,federal,Telefone,True,8,3,17053.88,2131.735,0.0,0.0014014378471949424,0.0
2018,estadual,Agua,False,629,12,9107.92,14.48,0.0,0.00016422241780099454,0.0
2018,estadual,Agua,True,21,3,872.36,41.54095238095238,0.0,0.00020077969711403858,0.0
2018,estadual,Alimentacao,False,629,34,64258.72,102.16012718600955,0.0,0.004312112283528137,0.0
2018,estadual,Alimentacao,True,21,6,56185.87,2675.517619047619,0.0,0.006350723500046897,0.0
2018,estadual,Aquisicao/Doacao de bens moveis ou imoveis,False,629,1,20624.0,32.788553259141494,0.0,7.027200895051034e-05,0.0
2018,estadual,Aquisicao/Doacao de bens moveis ou imoveis,True,21,1,15150.0,721.4285714285714,0.0,0.0008686825566366621,0.0
2018,estadual,Atividades de militancia e mobilizacao de rua,False,629,77,2248312.94,3574.424387917329,0.0,0.05837755030149078,0.0
2018,estadual,Atividades de militancia e mobilizacao de rua,True,21,10,676481.7,32213.414285714283,0.0,0.1322054975819663,0.0
2018,estadual,Cessao ou locacao de veiculos,False,629,80,525762.21,835.8699682034976,0.0,0.023047381745953388,0.0
2018,estadual,Cessao ou locacao de veiculos,True,21,14,325089.28,15480.441904761907,4200.0,0.04049655778850324,0.02499383674707487
2018,estadual,Combustiveis e lubrificantes,False,629,141,636062.48,1011.2281081081081,0.0,0.03237230957840528,0.0
2018,estadual,Combustiveis e lubrificantes,True,21,15,354749.39,16892.828095238096,9000.0,0.05128372513750133,0.056015204674531076
2018,estadual,Comicios,False,629,2,10600.0,16.85214626391097,0.0,4.232657741683827e-05,0.0
2018,estadual,Comicios,True,21,4,87910.0,4186.190476190476,0.0,0.007823550529579953,0.0
2018,estadual,Correspondencias e despesas postais,False,629,17,130794.63,207.94058823529411,0.0,0.001952513372435151,0.0
2018,estadual,Correspondencias e despesas postais,True,21,3,27050.42,1288.115238095238,0.0,0.009894057612944323,0.0
2018,estadual,Criacao e inclusao de paginas na internet,False,629,15,18003.96,28.62314785373609,0.0,0.001099545799012909,0.0
2018,estadual,Criacao e inclusao de paginas na internet,True,21,3,47178.0,2246.5714285714284,0.0,0.0032704363652186824,0.0
2018,estadual,Despesa com Impulsionamento de Conteudos,False,629,47,103195.45,164.0627186009539,0.0,0.0069102572958879465,0.0
2018,estadual,Despesa com Impulsionamento de Conteudos,True,21,10,88579.29000000001,4218.061428571429,0.0,0.03577919682792653,0.0
2018,estadual,Despesas com Hospedagem,False,629,9,7431.05,11.814069952305246,0.0,0.0005307744437427209,0.0
2018,estadual,Despesas com Hospedagem,True,21,1,140.0,6.666666666666667,0.0,3.12369234429237e-05,0.0
2018,estadual,Despesas com pessoal,False,629,108,2405731.38,3824.692178060413,0.0,0.09099491944030813,0.0
2018,estadual,Despesas com pessoal,True,21,9,305190.67,14532.889047619046,0.0,0.033699125399926304,0.0
2018,estadual,Despesas com transporte ou deslocamento,False,629,18,72782.78,115.7118918918919,0.0,0.0038930296188132733,0.0
2018,estadual,Despesas com transporte ou deslocamento,True,21,3,48722.0,2320.095238095238,0.0,0.006003075165009501,0.0
2018,estadual,Diversas a especificar,False,629,43,190760.52,303.27586645468995,0.0,0.010927430239081555,0.0
2018,estadual,Diversas a especificar,True,21,9,117514.79000000001,5595.942380952381,0.0,0.024730113531819736,0.0
2018,estadual,Doacoes financeiras a outros candidatos/partidos,False,629,5,330000.8,524.6435612082671,0.0,0.003975841305824047,0.0
2018,estadual,Doacoes financeiras a outros candidatos/partidos,True,21,3,21016.06,1000.7647619047619,0.0,0.011127049690952458,0.0
2018,estadual,"Encargos financeiros, taxas bancarias e/ou op. cartao de credito",False,629,206,24347.14,38.70769475357711,0.0,0.013222073615401403,0.0
2018,estadual,"Encargos financeiros, taxas bancarias e/ou op. cartao de credito",True,21,19,5913.02,281.57238095238097,151.95000000000002,0.001503492439080075,0.0006868529359414089
2018,estadual,Energia eletrica,False,629,6,3686.65,5.861128775834659,0.0,4.897274784888805e-05,0.0
2018,estadual,Energia eletrica,True,21,3,1286.4299999999998,61.25857142857142,0.0,0.000173235510276467,0.0
2018,estadual,Eventos de promocao da candidatura,False,629,15,59348.4,94.35357710651829,0.0,0.0018961788389465402,0.0
2018,estadual,Eventos de promocao da candidatura,True,21,3,48064.8,2288.8,0.0,0.005889920948004059,0.0
2018,estadual,"Impostos, contribuicoes e taxas",False,629,11,2911.39,4.628600953895071,0.0,6.751768063645651e-05,0.0
2018,estadual,"Impostos, contribuicoes e taxas",True,21,0,0.0,0.0,0.0,0.0,0.0
2018,estadual,Locacao/cessao de bens imoveis,False,629,44,120448.21,191.49158982511923,0.0,0.006024719034567992,0.0
2018,estadual,Locacao/cessao de bens imoveis,True,21,13,110482.0,5261.047619047619,1400.0,0.013730062407985107,0.008926459364525357
2018,estadual,Locacao/cessao de bens moveis (exceto veiculos),False,629,4,9920.0,15.771065182829888,0.0,0.00041690097239389007,0.0
2018,estadual,Locacao/cessao de bens moveis (exceto veiculos),True,21,3,23631.45,1125.307142857143,0.0,0.0054628967306259366,0.0
2018,estadual,Materiais de expediente,False,629,15,7213.9,11.468839427662957,0.0,9.970099446281734e-05,0.0
2018,estadual,Materiais de expediente,True,21,4,2003.0900000000001,95.38523809523811,0.0,0.001423837764702572,0.0
2018,estadual,Passagem Aerea,False,629,2,4796.21,7.625135135135135,0.0,0.0002549831413985311,0.0
2018,estadual,Passagem Aerea,True,21,0,0.0,0.0,0.0,0.0,0.0
2018,estadual,Pesquisas ou testes eleitorais,False,629,0,0.0,0.0,0.0,0.0,0.0
2018,estadual,Pesquisas ou testes eleitorais,True,21,1,12000.0,571.4285714285714,0.0,0.0010086513234392976,0.0
2018,estadual,Pre-instalacao fisica de comite de campanha,False,629,6,11240.19,17.86993640699523,0.0,0.00022649477831542626,0.0
2018,estadual,Pre-instalacao fisica de comite de campanha,True,21,0,0.0,0.0,0.0,0.0,0.0
2018,estadual,"Producao de jingles, vinhetas e slogans",False,629,43,77878.0,123.81240063593005,0.0,0.004703812678586108,0.0
2018,estadual,"Producao de jingles, vinhetas e slogans",True,21,9,66900.0,3185.714285714286,0.0,0.013431508830303928,0.0
2018,estadual,"Producao de programas de radio, televisao ou video",False,629,14,204983.07,325.88723370429256,0.0,0.003765131353800992,0.0
2018,estadual,"Producao de programas de radio, televisao ou video",True,21,6,177600.0,8457.142857142857,0.0,0.013390326702176283,0.0
2018,estadual,Publicidade por adesivos,False,629,97,991954.66,1577.0344356120827,0.0,0.027694992461823595,0.0
2018,estadual,Publicidade por adesivos,True,21,16,418702.29,19938.204285714284,5962.0,0.08243929553743841,0.03568629412843731
2018,estadual,Publicidade por carros de som,False,629,17,80518.45,128.01025437201906,0.0,0.0024282516079169787,0.0
2018,estadual,Publicidade por carros de som,True,21,3,6200.0,295.23809523809524,0.0,0.003083597867942712,0.0
2018,estadual,Publicidade por jornais e revistas,False,629,20,60021.399999999994,95.42352941176469,0.0,0.0034064376605988213,0.0
2018,estadual,Publicidade por jornais e revistas,True,21,2,13832.18,658.6752380952381,0.0,0.003890550464192293,0.0
2018,estadual,Publicidade por materiais impressos,False,629,216,3153138.14,5012.938219395866,0.0,0.12616285354004636,0.0
2018,estadual,Publicidade por materiais impressos,True,21,21,1860056.54,88574.12095238095,64852.0,0.36970479494185493,0.2885652060798644
2018,estadual,Servicos prestados por terceiros,False,629,179,1687927.35,2683.509300476948,0.0,0.11995607065880737,0.0
2018,estadual,Servicos prestados por terceiros,True,21,16,685004.0,32619.238095238095,9200.0,0.09676685610306497,0.057176805498488886
2018,estadual,Servicos proprios prestados por terceiros,False,629,26,159987.92,254.35281399046107,0.0,0.011984639294006337,0.0
2018,estadual,Servicos proprios prestados por terceiros,True,21,3,20550.4,978.5904761904762,0.0,0.01759113099417245,0.0
2018,estadual,Taxa de Administracao de Financiamento Coletivo,False,629,8,542.91,0.8631319554848966,0.0,0.00013491025049565438,0.0
2018,estadual,Taxa de Administracao de Financiamento Coletivo,True,21,5,1155.26,55.01238095238095,0.0,0.006678896923341713,0.0
2018,estadual,Telefone,False,629,3,1215.54,1.932496025437202,0.0,4.313935191420624e-05,0.0
2018,estadual,Telefone,True,21,2,813.97,38.76047619047619,0.0,6.713620280993744e-05,0.0
2018,federal,Agua,False,286,4,4408.22,15.413356643356645,0.0,3.0014887596371254e-05,0.0
2018,federal,Agua,True,16,4,16790.9,1049.43125,0.0,0.0008962768790864154,0.0
2018,federal,Alimentacao,False,286,19,78897.04000000001,275.86377622377626,0.0,0.004798915247387689,0.0
2018,federal,Alimentacao,True,16,5,50451.11,3153.194375,0.0,0.005269955881658101,0.0
2018,federal,Aquisicao/Doacao de bens moveis ou imoveis,False,286,1,314.6,1.1,0.0,0.0001102889570675169,0.0
2018,federal,Aquisicao/Doacao de bens moveis ou imoveis,True,16,0,0.0,0.0,0.0,0.0,0.0
2018,federal,Atividades de militancia e mobilizacao de rua,False,286,41,1433099.58,5010.837692307692,0.0,0.05531088439202727,0.0
2018,federal,Atividades de militancia e mobilizacao de rua,True,16,5,495106.07,30944.129375,0.0,0.03642431036759189,0.0
2018,federal,Cessao ou locacao de veiculos,False,286,39,777684.59,2719.176888111888,0.0,0.014878069345256296,0.0
2018,federal,Cessao ou locacao de veiculos,True,16,14,476060.98,29753.81125,16400.0,0.04522776635770473,0.02836082466178722
2018,federal,Combustiveis e lubrificantes,False,286,62,720346.86,2518.6953146853148,0.0,0.024768780551662126,0.0
2018,federal,Combustiveis e lubrificantes,True,16,14,350872.12,21929.5075,15125.485,0.04394240332649179,0.03197307842558931
2018,federal,Comicios,False,286,2,53000.0,185.3146853146853,0.0,0.00128788678701497,0.0
2018,federal,Comicios,True,16,0,0.0,0.0,0.0,0.0,0.0
2018,federal,Correspondencias e despesas postais,False,286,8,133597.55000000002,467.12430069930076,0.0,0.003613656840152305,0.0
2018,federal,Correspondencias e despesas postais,True,16,5,25919.770000000004,1619.9856250000003,0.0,0.0019011048402979888,0.0
2018,federal,Criacao e inclusao de paginas na internet,False,286,14,90450.0,316.2587412587413,0.0,0.004922407239697179,0.0
2018,federal,Criacao e inclusao de paginas na internet,True,16,3,12610.0,788.125,0.0,0.0006467726037144256,0.0
2018,federal,Despesa com Impulsionamento de Conteudos,False,286,29,312988.0,1094.3636363636363,0.0,0.01174864501478511,0.0
2018,federal,Despesa com Impulsionamento de Conteudos,True,16,9,70500.0,4406.25,1650.0,0.01369031614012348,0.0025730122680973863
2018,federal,Despesas com Hospedagem,False,286,6,9620.0,33.63636363636363,0.0,0.0004293419610790509,0.0
2018,federal,Despesas com Hospedagem,True,16,2,8053.55,503.346875,0.0,0.0005739187073075963,0.0
2018,federal,Despesas com pessoal,False,286,49,2025055.42,7080.613356643356,0.0,0.09269648894136605,0.0
2018,federal,Despesas com pessoal,True,16,6,1272128.85,79508.053125,0.0,0.056708666287653045,0.0
2018,federal,Despesas com transporte ou deslocamento,False,286,4,17107.989999999998,59.81814685314684,0.0,0.0012814293044144994,0.0
2018,federal,Despesas com transporte ou deslocamento,True,16,2,29177.8,1823.6125,0.0,0.0029613046283927585,0.0
2018,federal,Diversas a especificar,False,286,25,230706.18,806.664965034965,0.0,0.007570711349932052,0.0
2018,federal,Diversas a especificar,True,16,5,447914.29,27994.643125,0.0,0.017291022476918053,0.0
2018,federal,Doacoes financeiras a outros candidatos/partidos,False,286,7,1490700.0,5212.237762237763,0.0,0.005639693420560782,0.0
2018,federal,Doacoes financeiras a outros candidatos/partidos,True,16,5,1738212.6,108638.2875,0.0,0.09651374825801437,0.0
2018,federal,"Encargos financeiros, taxas bancarias e/ou op. cartao de credito",False,286,114,19879.06,69.50720279720281,0.0,0.009936820455553125,0.0
2018,federal,"Encargos financeiros, taxas bancarias e/ou op. cartao de credito",True,16,14,12934.66,808.41625,261.975,0.0008006519107917272,0.00047582801339516245
2018,federal,Encargos sociais,False,286,1,644.3,2.2527972027972027,0.0,0.00013139329692700996,0.0
2018,federal,Encargos sociais,True,16,0,0.0,0.0,0.0,0.0,0.0
2018,federal,Energia eletrica,False,286,3,1213.25,4.2421328671328675,0.0,2.8797750189641055e-05,0.0
2018,federal,Energia eletrica,True,16,1,540.71,33.794375,0.0,2.6999868813124695e-05,0.0
2018,federal,Eventos de promocao da candidatura,False,286,6,54085.0,189.1083916083916,0.0,0.0024800140051967415,0.0
2018,federal,Eventos de promocao da candidatura,True,16,4,47716.4,2982.275,0.0,0.030540201831836162,0.0
2018,federal,"Impostos, contribuicoes e taxas",False,286,4,1557.1,5.444405594405594,0.0,0.0004366990491932305,0.0
2018,federal,"Impostos, contribuicoes e taxas",True,16,1,114.5,7.15625,0.0,0.0001252522547593669,0.0
2018,federal,Locacao/cessao de bens imoveis,False,286,29,129120.0,451.46853146853147,0.0,0.003847445607021334,0.0
2018,federal,Locacao/cessao de bens imoveis,True,16,7,67682.0,4230.125,0.0,0.006414069435357061,0.0
2018,federal,Locacao/cessao de bens moveis (exceto veiculos),False,286,8,232710.0,813.6713286713286,0.0,0.0007205759941147625,0.0
2018,federal,Locacao/cessao de bens moveis (exceto veiculos),True,16,3,36176.0,2261.0,0.0,0.0013401993203610342,0.0
2018,federal,Materiais de expediente,False,286,12,22612.83,79.06583916083916,0.0,0.0003538093748714227,0.0
2018,federal,Materiais de expediente,True,16,4,4377.860000000001,273.61625000000004,0.0,0.0002772861917030286,0.0
2018,federal,Pesquisas ou testes eleitorais,False,286,2,122000.0,426.57342657342656,0.0,0.0004831465378833559,0.0
2018,federal,Pesquisas ou testes eleitorais,True,16,0,0.0,0.0,0.0,0.0,0.0
2018,federal,Pre-instalacao fisica de comite de campanha,False,286,2,3750.0,13.111888111888112,0.0,5.875289402328616e-05,0.0
2018,federal,Pre-instalacao fisica de comite de campanha,True,16,0,0.0,0.0,0.0,0.0,0.0
2018,federal,"Producao de jingles, vinhetas e slogans",False,286,26,181408.7,634.2961538461539,0.0,0.009883170998829231,0.0
2018,federal,"Producao de jingles, vinhetas e slogans",True,16,7,26700.0,1668.75,0.0,0.0026690876807502957,0.0
2018,federal,"Producao de programas de radio, televisao ou video",False,286,21,562888.7,1968.1423076923074,0.0,0.011561500208959052,0.0
2018,federal,"Producao de programas de radio, televisao ou video",True,16,7,990493.75,61905.859375,0.0,0.043801676402052174,0.0
2018,federal,Publicidade por adesivos,False,286,59,814416.14,2847.608881118881,0.0,0.031490902338566384,0.0
2018,federal,Publicidade por adesivos,True,16,15,1519206.16,94950.385,19150.0,0.12312364780786292,0.07564946681629306
2018,federal,Publicidade por carros de som,False,286,9,83000.0,290.2097902097902,0.0,0.005943909071423328,0.0
2018,federal,Publicidade por carros de som,True,16,4,41020.0,2563.75,0.0,0.003399090294115463,0.0
2018,federal,Publicidade por jornais e revistas,False,286,17,54761.0,191.47202797202797,0.0,0.0035726106092985876,0.0
2018,federal,Publicidade por jornais e revistas,True,16,6,49148.82,3071.80125,0.0,0.0033593677695245676,0.0
2018,federal,Publicidade por materiais impressos,False,286,124,3956384.38,13833.511818181818,0.0,0.17588464183570124,0.0
2018,federal,Publicidade por materiais impressos,True,16,16,3198830.17,199926.885625,166993.66,0.32414543778988186,0.2818430329208771
2018,federal,Reembolsos de gastos realizados por eleitores,False,286,1,171.04,0.598041958041958,0.0,2.7669362931334547e-06,0.0
2018,federal,Reembolsos de gastos realizados por eleitores,True,16,0,0.0,0.0,0.0,0.0,0.0
2018,federal,Servicos prestados por terceiros,False,286,85,1896590.18,6631.434195804196,0.0,0.09855343201652127,0.0
2018,federal,Servicos prestados por terceiros,True,16,12,1326647.0,82915.4375,17025.0,0.1238332158372045,0.04185787414230426
2018,federal,Servicos proprios prestados por terceiros,False,286,19,231146.37,808.2040909090908,0.0,0.01665301547461943,0.0
2018,federal,Servicos proprios prestados por terceiros,True,16,6,259600.0,16225.0,0.0,0.013986965531581498,0.0
2018,federal,Taxa de Administracao de Financiamento Coletivo,False,286,15,1539.63,5.383321678321678,0.0,0.00028717384692304504,0.0
2018,federal,Taxa de Administracao de Financiamento Coletivo,True,16,3,303.21000000000004,18.950625000000002,0.0,1.555760498284617e-05,0.0
2018,federal,Telefone,False,286,1,50.0,0.17482517482517482,0.0,8.088564935493029e-07,0.0
2018,federal,Telefone,True,16,2,1664.6,104.0375,0.0,9.37257134677348e-05,0.0
2020,municipal,Agua,False,16201,25,9330.64,0.5759298808715511,0.0,0.00010139815473862534,0.0
2020,municipal,Agua,True,1149,5,6353.59,5.529669277632724,0.0,0.00041482746031746464,0.0
2020,municipal,Alimentacao,False,16201,78,46090.53,2.8449188321708534,0.0,0.00036884717775057923,0.0
2020,municipal,Alimentacao,True,1149,16,31462.21,27.38225413402959,0.0,0.0007942406317084283,0.0
2020,municipal,Aquisicao/Doacao de bens moveis ou imoveis,False,16201,8,6909.2,0.426467502006049,0.0,0.0001215828287243619,0.0
2020,municipal,Aquisicao/Doacao de bens moveis ou imoveis,True,1149,1,4134.2,3.5980852915578763,0.0,2.2654295780758688e-05,0.0
2020,municipal,Atividades de militancia e mobilizacao de rua,False,16201,1312,4163879.72,257.01374729954944,0.0,0.051234269597993896,0.0
2020,municipal,Atividades de militancia e mobilizacao de rua,True,1149,151,623552.96,542.6918711923412,0.0,0.058608750575280824,0.0
2020,municipal,Cessao ou locacao de veiculos,False,16201,324,723498.82,44.657664341707296,0.0,0.006033556278523279,0.0
2020,municipal,Cessao ou locacao de veiculos,True,1149,59,191205.36,166.41023498694517,0.0,0.01056389909254708,0.0
2020,municipal,Combustiveis e lubrificantes,False,16201,1149,937730.8,57.88104437997655,0.0,0.021960495392407353,0.0
2020,municipal,Combustiveis e lubrificantes,True,1149,271,367840.28,320.13949521322894,0.0,0.059678993577657616,0.0
2020,municipal,Comicios,False,16201,7,4450.17,0.2746848959940744,0.0,5.780995660195985e-05,0.0
2020,municipal,Comicios,True,1149,1,1050.0,0.9138381201044387,0.0,2.6109660574412533e-05,0.0
2020,municipal,Correspondencias e despesas postais,False,16201,29,129813.55,8.012687488426641,0.0,0.0005109169112202152,0.0
2020,municipal,Correspondencias e despesas postais,True,1149,11,111470.56,97.01528285465622,0.0,0.0010312326662836038,0.0
2020,municipal,Criacao e inclusao de paginas na internet,False,16201,122,103418.14,6.383441762854145,0.0,0.0013329767692309763,0.0
2020,municipal,Criacao e inclusao de paginas na internet,True,1149,9,6723.04,5.851209747606615,0.0,0.0006011445746749005,0.0
2020,municipal,Despesa com Impulsionamento de Conteudos,False,16201,409,569905.11,35.17715634837356,0.0,0.006962133800774553,0.0
2020,municipal,Despesa com Impulsionamento de Conteudos,True,1149,52,252487.04,219.7450304612707,0.0,0.006268163391039428,0.0
2020,municipal,Despesa com geradores de energia,False,16201,2,830.99,0.05129251280785137,0.0,9.724713367745285e-05,0.0
2020,municipal,Despesa com geradores de energia,True,1149,0,0.0,0.0,0.0,0.0,0.0
2020,municipal,Despesas com Hospedagem,False,16201,10,885.4300000000001,0.054652799209925315,0.0,1.4112254317568435e-05,0.0
2020,municipal,Despesas com Hospedagem,True,1149,1,73.5,0.0639686684073107,0.0,3.2595915059968003e-06,0.0
2020,municipal,Despesas com pessoal,False,16201,1094,4254868.72,262.6300055552126,0.0,0.04298137384387434,0.0
2020,municipal,Despesas com pessoal,True,1149,116,573884.4,499.4642297650131,0.0,0.03903369556685773,0.0
2020,municipal,Despesas com transporte ou deslocamento,False,16201,28,37076.84,2.288552558484044,0.0,0.00038579050821369314,0.0
2020,municipal,Despesas com transporte ou deslocamento,True,1149,4,4516.2,3.9305483028720625,0.0,0.00028884408627777135,0.0
2020,municipal,Diversas a especificar,False,16201,580,495730.79,30.59877723597309,0.0,0.008933302670271573,0.0
2020,municipal,Diversas a especificar,True,1149,95,77998.21,67.88355961705831,0.0,0.018384279861914873,0.0
2020,municipal,Doacoes financeiras a outros candidatos/partidos,False,16201,159,181871.2,11.22592432565891,0.0,0.002006263838762601,0.0
2020,municipal,Doacoes financeiras a outros candidatos/partidos,True,1149,22,8179.04,7.118398607484769,0.0,0.001774494057320061,0.0
2020,municipal,"Encargos financeiros, taxas bancarias e/ou op. cartao de credito",False,16201,3139,131676.7,8.127689648787113,0.0,0.011771313912641723,0.0
2020,municipal,"Encargos financeiros, taxas bancarias e/ou op. cartao de credito",True,1149,473,24008.16,20.894830287206265,0.0,0.010619185933416138,0.0
2020,municipal,Encargos sociais,False,16201,5,2442.25,0.15074686747731622,0.0,2.153209113080719e-05,0.0
2020,municipal,Encargos sociais,True,1149,3,346.7,0.30174064403829415,0.0,9.051219642464154e-05,0.0
2020,municipal,Energia eletrica,False,16201,6,1306.3600000000001,0.08063452873279428,0.0,3.7688777283275003e-06,0.0
2020,municipal,Energia eletrica,True,1149,1,48.38,0.04210617928633595,0.0,7.043346066314152e-06,0.0
2020,municipal,Eventos de promocao da candidatura,False,16201,38,54461.4,3.3616073081908526,0.0,0.0004401701755811975,0.0
2020,municipal,Eventos de promocao da candidatura,True,1149,9,5482.62,4.771644908616188,0.0,0.0007466093040033914,0.0
2020,municipal,"Impostos, contribuicoes e taxas",False,16201,98,13747.4,0.8485525584840442,0.0,0.00043756198418564346,0.0
2020,municipal,"Impostos, contribuicoes e taxas",True,1149,18,660.95,0.5752393385552654,0.0,0.00024243360868369857,0.0
2020,municipal,Locacao/cessao de bens imoveis,False,16201,112,215340.46,13.291800506141596,0.0,0.0013272652927002753,0.0
2020,municipal,Locacao/cessao de bens imoveis,True,1149,28,67262.0,58.53959965187119,0.0,0.0020273265088874286,0.0
2020,municipal,Locacao/cessao de bens moveis (exceto veiculos),False,16201,22,36788.76,2.2707709400654283,0.0,0.00030617078118334076,0.0
2020,municipal,Locacao/cessao de bens moveis (exceto veiculos),True,1149,12,28705.68,24.98318537859008,0.0,0.002016253240301614,0.0
2020,municipal,Materiais de expediente,False,16201,110,56729.52,3.501606073699154,0.0,0.001023586764414193,0.0
2020,municipal,Materiais de expediente,True,1149,15,18174.62,15.817771975630983,0.0,0.0003773967045762831,0.0
2020,municipal,Multas eleitorais,False,16201,1,52.83,0.003260909820381458,0.0,1.3530746142661651e-06,0.0
2020,municipal,Multas eleitorais,True,1149,0,0.0,0.0,0.0,0.0,0.0
2020,municipal,Pesquisas ou testes eleitorais,False,16201,2,17165.0,1.0595024998456886,0.0,4.82630126904387e-05,0.0
2020,municipal,Pesquisas ou testes eleitorais,True,1149,0,0.0,0.0,0.0,0.0,0.0
2020,municipal,Pre-instalacao fisica de comite de campanha,False,16201,4,2543.5,0.15699648169866057,0.0,1.6428543893116393e-05,0.0
2020,municipal,Pre-instalacao fisica de comite de campanha,True,1149,1,4625.0,4.025239338555266,0.0,1.327414791156568e-05,0.0
2020,municipal,"Producao de jingles, vinhetas e slogans",False,16201,1117,545276.25,33.656950188259984,0.0,0.020686114077220923,0.0
2020,municipal,"Producao de jingles, vinhetas e slogans",True,1149,266,144435.34,125.70525674499565,0.0,0.04861939102220016,0.0
2020,municipal,"Producao de programas de radio, televisao ou video",False,16201,203,573639.47,35.40765816924881,0.0,0.002706103551339872,0.0
2020,municipal,"Producao de programas de radio, televisao ou video",True,1149,43,131270.0,114.24717145343777,0.0,0.006802221051735791,0.0
2020,municipal,Publicidade por adesivos,False,16201,2259,1714177.27,105.80688043947904,0.0,0.053028301350079236,0.0
2020,municipal,Publicidade por adesivos,True,1149,411,762032.76,663.2138903394256,0.0,0.13586187119252666,0.0
2020,municipal,Publicidade por carros de som,False,16201,80,129920.15,8.019267329177211,0.0,0.001178992925927924,0.0
2020,municipal,Publicidade por carros de som,True,1149,24,27890.02,24.273298520452567,0.0,0.0021799832301386294,0.0
2020,municipal,Publicidade por jornais e revistas,False,16201,132,120664.92,7.447992099253132,0.0,0.0027961444286965847,0.0
2020,municipal,Publicidade por jornais e revistas,True,1149,32,71642.64,62.352167101827675,0.0,0.006888220002840828,0.0
2020,municipal,Publicidade por materiais impressos,False,16201,5000,6184156.36,381.7144842910932,0.0,0.17137631383097202,0.0
2020,municipal,Publicidade por materiais impressos,True,1149,746,1833512.52,1595.746318537859,352.5,0.3308699083381159,0.21176036390514347
2020,municipal,Reembolsos de gastos realizados por eleitores,False,16201,8,2188.06,0.1350570952410345,0.0,3.992880125150733e-05,0.0
2020,municipal,Reembolsos de gastos realizados por eleitores,True,1149,4,1290.1,1.1228024369016536,0.0,0.00037739805538339333,0.0
2020,municipal,Servicos advocaticios,False,16201,1485,1220027.95,75.30571878279119,0.0,0.026205026549922197,0.0
2020,municipal,Servicos advocaticios,True,1149,201,175685.76,152.90318537859008,0.0,0.03683759318613134,0.0
2020,municipal,Servicos contabeis,False,16201,1854,1232912.66,76.10102215912598,0.0,0.03600825784103096,0.0
2020,municipal,Servicos contabeis,True,1149,235,218130.66,189.84391644908615,0.0,0.04145708232373252,0.0
2020,municipal,Servicos prestados por terceiros,False,16201,747,2123249.14,131.05667181038208,0.0,0.020286852954958107,0.0
2020,municipal,Servicos prestados por terceiros,True,1149,88,151016.65,131.43311575282854,0.0,0.01678876465774618,0.0
2020,municipal,Servicos proprios prestados por terceiros,False,16201,61,99301.02,6.1293142398617375,0.0,0.0017375551984258925,0.0
2020,municipal,Servicos proprios prestados por terceiros,True,1149,7,18556.0,16.1496953872933,0.0,0.0012448136607500406,0.0
2020,municipal,Taxa de Administracao de Financiamento Coletivo,False,16201,38,8539.640000000001,0.5271057342139375,0.0,0.00017152036956566427,0.0
2020,municipal,Taxa de Administracao de Financiamento Coletivo,True,1149,5,2554.11,2.22289817232376,0.0,3.92653665523739e-05,0.0
2020,municipal,Telefone,False,16201,2,744.1,0.04592926362570212,0.0,1.944483627540472e-06,0.0
2020,municipal,Telefone,True,1149,1,86.33,0.07513489991296779,0.0,2.5634736474819956e-07,0.0
2022,estadual,Agua,False,661,12,37732.76,57.084357034795765,0.0,0.000625620655741116,0.0
2022,estadual,Agua,True,16,3,22773.34,1423.33375,0.0,0.0013546261032265708,0.0
2022,estadual,Alimentacao,False,661,55,291368.73,440.7998940998487,0.0,0.003287716713872619,0.0
2022,estadual,Alimentacao,True,16,4,18905.93,1181.620625,0.0,0.0035357034256916966,0.0
2022,estadual,Aquisicao/Doacao de bens moveis ou imoveis,False,661,2,5150.0,7.791225416036308,0.0,0.00015474446302602869,0.0
2022,estadual,Aquisicao/Doacao de bens moveis ou imoveis,True,16,0,0.0,0.0,0.0,0.0,0.0
2022,estadual,Atividades de militancia e mobilizacao de rua,False,661,170,3671767.52,5554.867655068078,0.0,0.10940157263627513,0.0
2022,estadual,Atividades de militancia e mobilizacao de rua,True,16,10,547050.0,34190.625,16189.0,0.09835765499394941,0.1007814366031796
2022,estadual,Cessao ou locacao de veiculos,False,661,130,1316114.41,1991.095930408472,0.0,0.02395333442399188,0.0
2022,estadual,Cessao ou locacao de veiculos,True,16,11,388070.56,24254.41,11475.0,0.05967326113015979,0.05236696535304403
2022,estadual,Combustiveis e lubrificantes,False,661,152,776208.65,1174.29447806354,0.0,0.02436216138974872,0.0
2022,estadual,Combustiveis e lubrificantes,True,16,11,188262.06,11766.37875,10000.0,0.02757078025554175,0.02294779080158727
2022,estadual,Comicios,False,661,1,45000.0,68.07866868381241,0.0,0.00020444044649793516,0.0
2022,estadual,Comicios,True,16,2,229800.0,14362.5,0.0,0.011864558308365726,0.0
2022,estadual,Correspondencias e despesas postais,False,661,8,45805.32,69.29700453857791,0.0,0.0015746346076232901,0.0
2022,estadual,Correspondencias e despesas postais,True,16,1,4135.81,258.488125,0.0,0.0004996928052935152,0.0
2022,estadual,Criacao e inclusao de paginas na internet,False,661,26,86151.8,130.335552193646,0.0,0.0027151192452839466,0.0
2022,estadual,Criacao e inclusao de paginas na internet,True,16,1,2500.0,156.25,0.0,0.0006149323279271763,0.0
2022,estadual,Despesa com Impulsionamento de Conteudos,False,661,91,654909.0599999999,990.7852647503781,0.0,0.017766500316574833,0.0
2022,estadual,Despesa com Impulsionamento de Conteudos,True,16,11,485404.81,30337.800625,11575.365,0.09086420947161057,0.03119806308898382
2022,estadual,Despesas com Hospedagem,False,661,9,10421.5,15.766263237518912,0.0,0.000232246943942882,0.0
2022,estadual,Despesas com Hospedagem,True,16,1,290.0,18.125,0.0,3.503809738240378e-05,0.0
2022,estadual,Despesas com pessoal,False,661,179,4804068.52,7267.879757942511,0.0,0.13558264901267292,0.0
2022,estadual,Despesas com pessoal,True,16,5,455799.66,28487.47875,0.0,0.06043197795411868,0.0
2022,estadual,Despesas com transporte ou deslocamento,False,661,20,507799.65,768.2294251134645,0.0,0.0020843006737493175,0.0
2022,estadual,Despesas com transporte ou deslocamento,True,16,2,51075.0,3192.1875,0.0,0.0062540350938689255,0.0
2022,estadual,Diversas a especificar,False,661,56,406737.47,615.3365658093796,0.0,0.006620057203828498,0.0
2022,estadual,Diversas a especificar,True,16,5,32495.42,2030.96375,0.0,0.005616317558983036,0.0
2022,estadual,Doacoes financeiras a outros candidatos/partidos,False,661,4,7080.46,10.711739788199697,0.0,0.0009205231822549696,0.0
2022,estadual,Doacoes financeiras a outros candidatos/partidos,True,16,1,15000.0,937.5,0.0,0.0014515785448299015,0.0
2022,estadual,"Encargos financeiros, taxas bancarias e/ou op. cartao de credito",False,661,232,23024.37,34.83263237518911,0.0,0.0021617244871526674,0.0
2022,estadual,"Encargos financeiros, taxas bancarias e/ou op. cartao de credito",True,16,14,4653.38,290.83625,99.0,0.000612739194500617,0.0002716451521081539
2022,estadual,Energia eletrica,False,661,5,3089.6299999999997,4.674175491679273,0.0,2.85499439638555e-05,0.0
2022,estadual,Energia eletrica,True,16,3,1577.77,98.610625,0.0,0.0001723894844863961,0.0
2022,estadual,Eventos de promocao da candidatura,False,661,9,148490.0,224.64447806354008,0.0,0.0014621801865404417,0.0
2022,estadual,Eventos de promocao da candidatura,True,16,1,2500.0,156.25,0.0,0.0002989649708340298,0.0
2022,estadual,"Impostos, contribuicoes e taxas",False,661,7,824.48,1.24732223903177,0.0,2.1728309611976274e-05,0.0
2022,estadual,"Impostos, contribuicoes e taxas",True,16,1,1065.3600000000001,66.58500000000001,0.0,0.00012492091953278584,0.0
2022,estadual,Locacao/cessao de bens imoveis,False,661,52,224256.3,339.2682299546142,0.0,0.0042350061633179455,0.0
2022,estadual,Locacao/cessao de bens imoveis,True,16,11,92809.96,5800.6225,3817.69,0.017691880658104103,0.008297282249538768
2022,estadual,Locacao/cessao de bens moveis (exceto veiculos),False,661,13,187415.36,283.53307110438726,0.0,0.0010882417920818968,0.0
2022,estadual,Locacao/cessao de bens moveis (exceto veiculos),True,16,4,12928.0,808.0,0.0,0.0016752587175166767,0.0
2022,estadual,Materiais de expediente,False,661,26,36643.66,55.4367019667171,0.0,0.0012331395093607353,0.0
2022,estadual,Materiais de expediente,True,16,2,3774.57,235.910625,0.0,0.001053829045632931,0.0
2022,estadual,Passagem Aerea,False,661,0,0.0,0.0,0.0,0.0,0.0
2022,estadual,Passagem Aerea,True,16,1,1419.81,88.738125,0.0,0.00017154290015348523,0.0
2022,estadual,Pesquisas ou testes eleitorais,False,661,1,1755.0,2.655068078668684,0.0,6.857543617685562e-05,0.0
2022,estadual,Pesquisas ou testes eleitorais,True,16,0,0.0,0.0,0.0,0.0,0.0
2022,estadual,Pre-instalacao fisica de comite de campanha,False,661,3,10944.0,16.556732223903175,0.0,8.561301772574113e-05,0.0
2022,estadual,Pre-instalacao fisica de comite de campanha,True,16,2,8500.0,531.25,0.0,0.0005834089385038624,0.0
2022,estadual,"Producao de jingles, vinhetas e slogans",False,661,99,216766.4,327.93706505295006,0.0,0.009773717709357508,0.0
2022,estadual,"Producao de jingles, vinhetas e slogans",True,16,7,210100.0,13131.25,0.0,0.013891334975615977,0.0
2022,estadual,"Producao de programas de radio, televisao ou video",False,661,49,589557.03,891.9168381240545,0.0,0.009366248907633141,0.0
2022,estadual,"Producao de programas de radio, televisao ou video",True,16,3,45000.0,2812.5,0.0,0.006895126930518862,0.0
2022,estadual,Publicidade por adesivos,False,661,126,1413620.08,2138.6082904689865,0.0,0.025860847314984357,0.0
2022,estadual,Publicidade por adesivos,True,16,10,558220.51,34888.781875,9848.91,0.05930362193075259,0.018655593099986253
2022,estadual,Publicidade por carros de som,False,661,23,129875.0,196.48260211800303,0.0,0.007114910058637364,0.0
2022,estadual,Publicidade por carros de som,True,16,3,117400.0,7337.5,0.0,0.014111161636710787,0.0
2022,estadual,Publicidade por jornais e revistas,False,661,17,81580.7,123.42012102874432,0.0,0.0014294513862615202,0.0
2022,estadual,Publicidade por jornais e revistas,True,16,2,17266.68,1079.1675,0.0,0.0034946583551551465,0.0
2022,estadual,Publicidade por materiais impressos,False,661,307,7374816.28,11157.059425113464,0.0,0.14801188546960511,0.0
2022,estadual,Publicidade por materiais impressos,True,16,15,2326798.77,145424.923125,96415.0,0.31857748436654915,0.26796302014871953
2022,estadual,Reembolsos de gastos realizados por eleitores,False,661,1,475.33,0.71910741301059,0.0,1.4605228520635994e-05,0.0
2022,estadual,Reembolsos de gastos realizados por eleitores,True,16,1,600.0,37.5,0.0,7.249261527393886e-05,0.0
2022,estadual,Servicos advocaticios,False,661,146,1093842.3,1654.8295007564298,0.0,0.031091373533703292,0.0
2022,estadual,Servicos advocaticios,True,16,8,128500.0,8031.25,750.0,0.022187975940889667,0.003630090839393165
2022,estadual,Servicos contabeis,False,661,153,776615.07,1174.909334341906,0.0,0.032669052937445056,0.0
2022,estadual,Servicos contabeis,True,16,11,126400.0,7900.0,5000.0,0.015537274290758908,0.0172994246959091
2022,estadual,Servicos prestados por terceiros,False,661,152,2926301.5,4427.082450832073,0.0,0.07735620202263833,0.0
2022,estadual,Servicos prestados por terceiros,True,16,9,775303.24,48456.4525,8500.0,0.09290784237704036,0.037954155691376126
2022,estadual,Servicos proprios prestados por terceiros,False,661,25,279748.96,423.22081694402425,0.0,0.008801296443152704,0.0
2022,estadual,Servicos proprios prestados por terceiros,True,16,0,0.0,0.0,0.0,0.0,0.0
2022,estadual,Taxa de Administracao de Financiamento Coletivo,False,661,8,1030.03,1.5582904689863841,0.0,1.3860574520317631e-05,0.0
2022,estadual,Taxa de Administracao de Financiamento Coletivo,True,16,1,97.05,6.065625,0.0,1.172568052055961e-05,0.0
2022,estadual,Telefone,False,661,1,500.0,0.75642965204236,0.0,2.869619241576771e-06,0.0
2022,estadual,Telefone,True,16,0,0.0,0.0,0.0,0.0,0.0
2022,federal,Agua,False,395,14,17169.53,43.467164556962025,0.0,0.00011136205813086729,0.0
2022,federal,Agua,True,11,1,6672.0,606.5454545454545,0.0,0.00040770089925454446,0.0
2022,federal,Alimentacao,False,395,36,210259.06,532.301417721519,0.0,0.0021663464337693334,0.0
2022,federal,Alimentacao,True,11,3,70447.4,6404.309090909091,0.0,0.004761467732825154,0.0
2022,federal,Aquisicao/Doacao de bens moveis ou imoveis,False,395,3,5932.7,15.019493670886076,0.0,0.000333968257649562,0.0
2022,federal,Aquisicao/Doacao de bens moveis ou imoveis,True,11,0,0.0,0.0,0.0,0.0,0.0
2022,federal,Atividades de militancia e mobilizacao de rua,False,395,125,8011262.01,20281.675974683545,0.0,0.1288881793671859,0.0
2022,federal,Atividades de militancia e mobilizacao de rua,True,11,6,1706310.0,155119.0909090909,49200.0,0.08922022431303463,0.028117784209333564
2022,federal,Cessao ou locacao de veiculos,False,395,102,2499793.26,6328.590531645569,0.0,0.02639999133000247,0.0
2022,federal,Cessao ou locacao de veiculos,True,11,9,851440.55,77403.68636363637,23700.0,0.04732867789293837,0.02371092599469836
2022,federal,Combustiveis e lubrificantes,False,395,114,1540818.54,3900.806430379747,0.0,0.015874186797452085,0.0
2022,federal,Combustiveis e lubrificantes,True,11,10,401792.07,36526.55181818182,20286.449999999997,0.02241934303763555,0.01265496644785316
2022,federal,Comicios,False,395,4,129075.0,326.7721518987342,0.0,0.0011433218868139592,0.0
2022,federal,Comicios,True,11,1,375800.0,34163.63636363636,0.0,0.034179386224808754,0.0
2022,federal,Correspondencias e despesas postais,False,395,6,31257.51,79.13293670886075,0.0,7.700628538681578e-05,0.0
2022,federal,Correspondencias e despesas postais,True,11,2,120240.98999999999,10930.99909090909,0.0,0.005528257864952973,0.0
2022,federal,Criacao e inclusao de paginas na internet,False,395,29,481634.98,1219.3290632911392,0.0,0.006341092577337646,0.0
2022,federal,Criacao e inclusao de paginas na internet,True,11,3,8314.8,755.8909090909091,0.0,0.00037089474219319777,0.0
2022,federal,Despesa com Impulsionamento de Conteudos,False,395,83,1883918.64,4769.414278481013,0.0,0.02154248638218785,0.0
2022,federal,Despesa com Impulsionamento de Conteudos,True,11,7,775222.35,70474.7590909091,26000.0,0.04693043372144842,0.013687458848457557
2022,federal,Despesa com geradores de energia,False,395,2,13000.0,32.91139240506329,0.0,5.744936560268935e-05,0.0
2022,federal,Despesa com geradores de energia,True,11,0,0.0,0.0,0.0,0.0,0.0
2022,federal,Despesas com Hospedagem,False,395,7,20316.65,51.43455696202532,0.0,0.00020892627866332496,0.0
2022,federal,Despesas com Hospedagem,True,11,2,3559.2,323.56363636363636,0.0,0.00020139649616232925,0.0
2022,federal,Despesas com pessoal,False,395,116,11733604.92,29705.328911392404,0.0,0.1188991991330239,0.0
2022,federal,Despesas com pessoal,True,11,5,1233767.0,112160.63636363637,0.0,0.06751282313522947,0.0
2022,federal,Despesas com transporte ou deslocamento,False,395,18,323572.22,819.1701772151898,0.0,0.0018214377165230362,0.0
2022,federal,Despesas com transporte ou deslocamento,True,11,2,129000.0,11727.272727272728,0.0,0.007585984092274143,0.0
2022,federal,Diversas a especificar,False,395,55,1244103.08,3149.6280506329117,0.0,0.013781392867285353,0.0
2022,federal,Diversas a especificar,True,11,3,63015.85,5728.713636363636,0.0,0.00353914016577244,0.0
2022,federal,Doacoes financeiras a outros candidatos/partidos,False,395,14,2298382.75,5818.690506329114,0.0,0.006576201947933902,0.0
2022,federal,Doacoes financeiras a outros candidatos/partidos,True,11,3,685000.0,62272.72727272727,0.0,0.05049076972462894,0.0
2022,federal,"Encargos financeiros, taxas bancarias e/ou op. cartao de credito",False,395,163,74911.5,189.6493670886076,0.0,0.004569979500520472,0.0
2022,federal,"Encargos financeiros, taxas bancarias e/ou op. cartao de credito",True,11,11,11329.65,1029.9681818181818,631.05,0.0006538719895184726,0.0004584112358975016
2022,federal,Encargos sociais,False,395,5,100.3,0.2539240506329114,0.0,2.329132513116041e-06,0.0
2022,federal,Encargos sociais,True,11,0,0.0,0.0,0.0,0.0,0.0
2022,federal,Energia eletrica,False,395,1,873.73,2.211974683544304,0.0,1.5573932185931895e-06,0.0
2022,federal,Energia eletrica,True,11,1,409.13,37.193636363636365,0.0,1.4885713496559561e-05,0.0
2022,federal,Eventos de promocao da candidatura,False,395,9,329943.0,835.2987341772152,0.0,0.002188705375947968,0.0
2022,federal,Eventos de promocao da candidatura,True,11,0,0.0,0.0,0.0,0.0,0.0
2022,federal,"Impostos, contribuicoes e taxas",False,395,5,2477.79,6.272886075949367,0.0,0.00012481719448986548,0.0
2022,federal,"Impostos, contribuicoes e taxas",True,11,0,0.0,0.0,0.0,0.0,0.0
2022,federal,Locacao/cessao de bens imoveis,False,395,58,508209.48,1286.6062784810126,0.0,0.005754709391223863,0.0
2022,federal,Locacao/cessao de bens imoveis,True,11,7,177425.29,16129.57181818182,16000.0,0.011197624210417301,0.009143994864823923
2022,federal,Locacao/cessao de bens moveis (exceto veiculos),False,395,15,97807.62,247.61422784810125,0.0,0.0016999655124024017,0.0
2022,federal,Locacao/cessao de bens moveis (exceto veiculos),True,11,5,129535.0,11775.90909090909,0.0,0.007799866299427114,0.0
2022,federal,Materiais de expediente,False,395,23,57491.880000000005,145.54906329113925,0.0,0.000520002571002058,0.0
2022,federal,Materiais de expediente,True,11,1,5895.0,535.9090909090909,0.0,0.0002665974060323841,0.0
2022,federal,Multas eleitorais,False,395,1,2000.0,5.063291139240507,0.0,9.393602482708095e-06,0.0
2022,federal,Multas eleitorais,True,11,0,0.0,0.0,0.0,0.0,0.0
2022,federal,Pesquisas ou testes eleitorais,False,395,4,97700.0,247.34177215189874,0.0,0.00037724872533985703,0.0
2022,federal,Pesquisas ou testes eleitorais,True,11,0,0.0,0.0,0.0,0.0,0.0
2022,federal,Pre-instalacao fisica de comite de campanha,False,395,3,39992.8,101.24759493670886,0.0,5.668383167795714e-05,0.0
2022,federal,Pre-instalacao fisica de comite de campanha,True,11,0,0.0,0.0,0.0,0.0,0.0
2022,federal,"Producao de jingles, vinhetas e slogans",False,395,77,334831.0,847.673417721519,0.0,0.009070218793078936,0.0
2022,federal,"Producao de jingles, vinhetas e slogans",True,11,5,109670.0,9970.0,0.0,0.006073933164692804,0.0
2022,federal,"Producao de programas de radio, televisao ou video",False,395,37,2421800.44,6131.140354430379,0.0,0.011843849704688247,0.0
2022,federal,"Producao de programas de radio, televisao ou video",True,11,4,350000.0,31818.18181818182,0.0,0.02350264750574616,0.0
2022,federal,Publicidade por adesivos,False,395,103,3327347.7199999997,8423.66511392405,0.0,0.03933136306622966,0.0
2022,federal,Publicidade por adesivos,True,11,8,2071441.1,188312.82727272727,33165.0,0.1130470855502894,0.03213660455582499
2022,federal,Publicidade por carros de som,False,395,26,267933.99,678.3138987341772,0.0,0.010433246999064845,0.0
2022,federal,Publicidade por carros de som,True,11,1,12000.0,1090.909090909091,0.0,0.0007332749986592525,0.0
2022,federal,Publicidade por jornais e revistas,False,395,11,163042.0,412.7645569620253,0.0,0.0007766749980873626,0.0
2022,federal,Publicidade por jornais e revistas,True,11,3,39175.56,3561.414545454545,0.0,0.0026653503151497617,0.0
2022,federal,Publicidade por materiais impressos,False,395,211,15127719.8,38298.02481012658,700.0,0.1641814360119898,0.02666666666666667
2022,federal,Publicidade por materiais impressos,True,11,11,5187606.52,471600.5927272727,473300.0,0.33794295638561,0.25527163082730214
2022,federal,Reembolsos de gastos realizados por eleitores,False,395,1,290.67,0.735873417721519,0.0,4.860354524657951e-07,0.0
2022,federal,Reembolsos de gastos realizados por eleitores,True,11,0,0.0,0.0,0.0,0.0,0.0
2022,federal,Servicos advocaticios,False,395,108,2056706.17,5206.851063291139,0.0,0.025231601632951225,0.0
2022,federal,Servicos advocaticios,True,11,11,455000.0,41363.63636363636,40000.0,0.028485782582244098,0.02984805563721348
2022,federal,Servicos contabeis,False,395,115,1175837.67,2976.804227848101,0.0,0.0199750991502023,0.0
2022,federal,Servicos contabeis,True,11,11,221800.0,20163.636363636364,15000.0,0.01486616329131654,0.008544362180338038
2022,federal,Servicos prestados por terceiros,False,395,128,6367996.48,16121.510075949369,0.0,0.08934965650251593,0.0
2022,federal,Servicos prestados por terceiros,True,11,11,1341583.98,121962.18,136744.0,0.07198612298496353,0.07184322465356346
2022,federal,Servicos proprios prestados por terceiros,False,395,19,305643.08999999997,773.7799746835442,0.0,0.006506932159570823,0.0
2022,federal,Servicos proprios prestados por terceiros,True,11,3,4530.0,411.8181818181818,0.0,0.0002747254702191576,0.0
2022,federal,Taxa de Administracao de Financiamento Coletivo,False,395,9,2106.78,5.333620253164558,0.0,0.005166616006142494,0.0
2022,federal,Taxa de Administracao de Financiamento Coletivo,True,11,1,192.85,17.53181818181818,0.0,1.261208905862964e-05,0.0
2022,federal,Telefone,False,395,4,5607.32,14.195746835443037,0.0,0.00037702992299248997,0.0
2022,federal,Telefone,True,11,0,0.0,0.0,0.0,0.0,0.0
2024,municipal,Agua,False,13093,51,36235.12,2.767518521347285,0.0,0.00021541555267651325,0.0
2024,municipal,Agua,True,1171,12,17809.05,15.208411614005124,0.0,0.00022188320301335654,0.0
2024,municipal,Alimentacao,False,13093,155,255095.68,19.4833636294203,0.0,0.0007148227416955684,0.0
2024,municipal,Alimentacao,True,1171,18,43616.53,37.24725021349274,0.0,0.000493539864999042,0.0
2024,municipal,Aquisicao/Doacao de bens moveis ou imoveis,False,13093,13,40555.79,3.097516993813488,0.0,8.336306751734619e-05,0.0
2024,municipal,Aquisicao/Doacao de bens moveis ou imoveis,True,1171,0,0.0,0.0,0.0,0.0,0.0
2024,municipal,Atividades de militancia e mobilizacao de rua,False,13093,1908,11846956.56,904.8313266631025,0.0,0.08506869636739546,0.0
2024,municipal,Atividades de militancia e mobilizacao de rua,True,1171,237,4756988.57,4062.330119555935,0.0,0.09379654004044036,0.0
2024,municipal,Cessao ou locacao de veiculos,False,13093,590,2513349.96,191.96135033987628,0.0,0.010090878935095896,0.0
2024,municipal,Cessao ou locacao de veiculos,True,1171,88,545375.76,465.7350640478224,0.0,0.013300355787677888,0.0
2024,municipal,Combustiveis e lubrificantes,False,13093,1069,1712582.98,130.8014190788971,0.0,0.017873577336247025,0.0
2024,municipal,Combustiveis e lubrificantes,True,1171,176,514704.81,439.5429632792485,0.0,0.030137876083431783,0.0
2024,municipal,Comicios,False,13093,14,77850.0,5.945925303597342,0.0,0.00011829103603376428,0.0
2024,municipal,Comicios,True,1171,2,9600.0,8.198121263877027,0.0,4.48986312069508e-05,0.0
2024,municipal,Correspondencias e despesas postais,False,13093,31,151704.14,11.586660047353549,0.0,0.0005083643198881889,0.0
2024,municipal,Correspondencias e despesas postais,True,1171,9,30052.559999999998,25.66401366353544,0.0,0.0007266669115825232,0.0
2024,municipal,Criacao e inclusao de paginas na internet,False,13093,140,333674.62,25.48496295730543,0.0,0.0012856625037504438,0.0
2024,municipal,Criacao e inclusao de paginas na internet,True,1171,24,37793.87,32.27486763450043,0.0,0.001863543526991222,0.0
2024,municipal,Despesa com Impulsionamento de Conteudos,False,13093,720,1864590.31,142.41123577484151,0.0,0.013074783281198852,0.0
2024,municipal,Despesa com Impulsionamento de Conteudos,True,1171,121,975905.15,833.3946626814688,0.0,0.018027199632096185,0.0
2024,municipal,Despesa com geradores de energia,False,13093,2,674.77,0.051536698999465363,0.0,1.9971678944102413e-06,0.0
2024,municipal,Despesa com geradores de energia,True,1171,0,0.0,0.0,0.0,0.0,0.0
2024,municipal,Despesas com Hospedagem,False,13093,16,12033.46,0.9190758420530054,0.0,4.746494806847838e-05,0.0
2024,municipal,Despesas com Hospedagem,True,1171,1,40.0,0.034158838599487616,0.0,3.1519432814992925e-06,0.0
2024,municipal,Despesas com pessoal,False,13093,1214,10028877.03,765.9724303062704,0.0,0.05461288372788837,0.0
2024,municipal,Despesas com pessoal,True,1171,151,1727083.01,1474.8787446626816,0.0,0.05443583023108504,0.0
2024,municipal,Despesas com transporte ou deslocamento,False,13093,28,106838.8,8.159993889864813,0.0,0.00045461933460023784,0.0
2024,municipal,Despesas com transporte ou deslocamento,True,1171,8,39604.0,33.82066609735269,0.0,0.0006170691301179712,0.0
2024,municipal,Diversas a especificar,False,13093,611,1438729.14,109.88536928129534,0.0,0.011941999712462424,0.0
2024,municipal,Diversas a especificar,True,1171,111,235769.01,201.33988898377456,0.0,0.02248857155501842,0.0
2024,municipal,Doacoes financeiras a outros candidatos/partidos,False,13093,67,110183.3,8.415435729015504,0.0,0.0008945382202463891,0.0
2024,municipal,Doacoes financeiras a outros candidatos/partidos,True,1171,11,325176.1,277.6909479077711,0.0,0.0014165903867961402,0.0
2024,municipal,"Encargos financeiros, taxas bancarias e/ou op. cartao de credito",False,13093,679,36646.48,2.798936836477507,0.0,0.0012641391152634232,0.0
2024,municipal,"Encargos financeiros, taxas bancarias e/ou op. cartao de credito",True,1171,123,6906.62,5.8980529461998294,0.0,0.0014629404623339927,0.0
2024,municipal,Encargos sociais,False,13093,3,1089.35,0.08320094707095393,0.0,4.033980872214559e-05,0.0
2024,municipal,Encargos sociais,True,1171,0,0.0,0.0,0.0,0.0,0.0
2024,municipal,Energia eletrica,False,13093,4,515.6800000000001,0.03938593141373253,0.0,3.185927985006788e-06,0.0
2024,municipal,Energia eletrica,True,1171,3,3229.52,2.7579163108454314,0.0,1.359086550019612e-05,0.0
2024,municipal,Eventos de promocao da candidatura,False,13093,42,249979.73,19.092624303062706,0.0,0.0006430609618475966,0.0
2024,municipal,Eventos de promocao da candidatura,True,1171,16,214575.0,183.24081981212638,0.0,0.001480065446215827,0.0
2024,municipal,"Impostos, contribuicoes e taxas",False,13093,46,18586.75,1.41959443977698,0.0,9.145729633291596e-05,0.0
2024,municipal,"Impostos, contribuicoes e taxas",True,1171,3,165.47,0.1413065755764304,0.0,4.33968521986577e-06,0.0
2024,municipal,Locacao/cessao de bens imoveis,False,13093,180,538406.55,41.12171007408539,0.0,0.001684535372313087,0.0
2024,municipal,Locacao/cessao de bens imoveis,True,1171,69,207321.66,177.0466780529462,0.0,0.004746540103553336,0.0
2024,municipal,Locacao/cessao de bens moveis (exceto veiculos),False,13093,36,241215.0,18.42320323837165,0.0,0.0004105715042797038,0.0
2024,municipal,Locacao/cessao de bens moveis (exceto veiculos),True,1171,16,58932.81,50.326908625106746,0.0,0.001689730361444201,0.0
2024,municipal,Materiais de expediente,False,13093,109,96883.51,7.399641793324677,0.0,0.0012279478317466532,0.0
2024,municipal,Materiais de expediente,True,1171,25,75171.85,64.19457728437234,0.0,0.0010052747377480046,0.0
2024,municipal,Multas eleitorais,False,13093,2,8980.0,0.6858626747116779,0.0,7.709733087058763e-05,0.0
2024,municipal,Multas eleitorais,True,1171,0,0.0,0.0,0.0,0.0,0.0
2024,municipal,Pesquisas ou testes eleitorais,False,13093,1,6000.0,0.4582601390055755,0.0,4.221903098809007e-05,0.0
2024,municipal,Pesquisas ou testes eleitorais,True,1171,0,0.0,0.0,0.0,0.0,0.0
2024,municipal,Pre-instalacao fisica de comite de campanha,False,13093,9,20006.36,1.5280195524325977,0.0,7.482373681152471e-05,0.0
2024,municipal,Pre-instalacao fisica de comite de campanha,True,1171,4,4180.0,3.569598633646456,0.0,6.222895383095125e-05,0.0
2024,municipal,"Producao de jingles, vinhetas e slogans",False,13093,1055,954788.77,72.92360574352708,0.0,0.017544860290972193,0.0
2024,municipal,"Producao de jingles, vinhetas e slogans",True,1171,270,265675.66,226.8792997438087,0.0,0.03581039814388033,0.0
2024,municipal,"Producao de programas de radio, televisao ou video",False,13093,316,852622.35,65.12047277171007,0.0,0.005369839070053464,0.0
2024,municipal,"Producao de programas de radio, televisao ou video",True,1171,51,158104.44,135.01660119555936,0.0,0.005203927376075943,0.0
2024,municipal,Publicidade por adesivos,False,13093,1994,3144790.28,240.18867180936377,0.0,0.05228210707526652,0.0
2024,municipal,Publicidade por adesivos,True,1171,433,1272622.41,1086.7825875320239,0.0,0.12936985082602812,0.0
2024,municipal,Publicidade por carros de som,False,13093,88,192965.13,14.738037882838158,0.0,0.001350839660804286,0.0
2024,municipal,Publicidade por carros de som,True,1171,32,114144.0,97.47566182749786,0.0,0.0033686794097635433,0.0
2024,municipal,Publicidade por jornais e revistas,False,13093,89,106621.47,8.143394943863132,0.0,0.0017397481406192224,0.0
2024,municipal,Publicidade por jornais e revistas,True,1171,25,78541.72,67.07234842015372,0.0,0.003080870967371964,0.0
2024,municipal,Publicidade por materiais impressos,False,13093,4788,14564691.55,1112.4029290460553,0.0,0.18942293620442838,0.0
2024,municipal,Publicidade por materiais impressos,True,1171,796,4653206.12,3973.7029205807003,710.0,0.3353438896735925,0.21282476506357104
2024,municipal,Reembolsos de gastos realizados por eleitores,False,13093,8,6386.5,0.487779729626518,0.0,9.380454504387433e-05,0.0
2024,municipal,Reembolsos de gastos realizados por eleitores,True,1171,2,2200.0,1.878736122971819,0.0,9.760119653543534e-06,0.0
2024,municipal,Servicos advocaticios,False,13093,1421,2844909.74,217.28478881845263,0.0,0.025673477202383024,0.0
2024,municipal,Servicos advocaticios,True,1171,221,527622.75,450.57450896669513,0.0,0.03153885576278278,0.0
2024,municipal,Servicos contabeis,False,13093,1606,2060020.32,157.33753303291834,0.0,0.030172036511858673,0.0
2024,municipal,Servicos contabeis,True,1171,239,452022.44,386.0140392826644,0.0,0.03392588428873305,0.0
2024,municipal,Servicos prestados por terceiros,False,13093,1002,4961309.93,378.92842969525697,0.0,0.028278796380087567,0.0
2024,municipal,Servicos prestados por terceiros,True,1171,129,1260975.73,1076.836660973527,0.0,0.026435101330545822,0.0
2024,municipal,Servicos proprios prestados por terceiros,False,13093,95,333100.12,25.441084548995647,0.0,0.0021465324746365953,0.0
2024,municipal,Servicos proprios prestados por terceiros,True,1171,16,101850.0,86.97694278394535,0.0,0.003544417367555314,0.0
2024,municipal,Taxa de Administracao de Financiamento Coletivo,False,13093,30,1010.0,0.07714045673260521,0.0,8.699478804041155e-06,0.0
2024,municipal,Taxa de Administracao de Financiamento Coletivo,True,1171,5,1427.39,1.218949615713066,0.0,8.844107597104868e-06,0.0
2024,municipal,Telefone,False,13093,5,974.5,0.07442908424348889,0.0,2.902307327797053e-06,0.0
2024,municipal,Telefone,True,1171,0,0.0,0.0,0.0,0.0,0.0
