ANO_ELEICAO_ANALISE,ESFERA,SG_UF_VOTO,votos_cristaos,candidatos_cristaos,municipios_com_votos
2012,municipal,AL,30274,86,49
2012,municipal,AM,1030,17,6
2012,municipal,BA,422011,2081,364
2012,municipal,CE,45414,147,78
2012,municipal,ES,52145,206,61
2012,municipal,GO,100674,520,179
2012,municipal,MG,381727,1689,562
2012,municipal,MS,27640,150,58
2012,municipal,MT,29705,191,94
2012,municipal,PB,28337,108,66
2012,municipal,PE,77190,208,86
2012,municipal,PI,30913,178,100
2012,municipal,PR,128863,504,223
2012,municipal,RJ,165127,444,85
2012,municipal,RN,18151,48,27
2012,municipal,RS,85335,263,145
2012,municipal,SC,46838,163,99
2012,municipal,SE,76265,283,66
2012,municipal,SP,699570,1881,489
2012,municipal,TO,17780,147,78
2012,outro,AL,25265,3,3
2012,outro,AM,375,1,1
2012,outro,BA,109715,31,30
2012,outro,CE,36714,7,6
2012,outro,ES,7716,2,2
2012,outro,GO,17529,12,12
2012,outro,MG,206934,22,22
2012,outro,MS,457171,5,5
2012,outro,MT,5362,4,4
2012,outro,PB,6675,3,3
2012,outro,PE,122943,6,6
2012,outro,PI,24393,7,7
2012,outro,PR,48596,9,9
2012,outro,RJ,19295,6,6
2012,outro,RN,14192,3,3
2012,outro,RS,46275,5,5
2012,outro,SC,19754,4,4
2012,outro,SE,119369,15,13
2012,outro,SP,102828,20,20
2012,outro,TO,5884,4,4
2014,estadual,AL,53980,9,102
2014,estadual,AM,1362,12,9
2014,estadual,BA,411942,34,416
2014,estadual,CE,15155,15,154
2014,estadual,DF,66050,34,1
2014,estadual,ES,69904,23,78
2014,estadual,GO,85119,21,245
2014,estadual,MG,117693,30,755
2014,estadual,MS,3486,6,66
2014,estadual,MT,3431,8,94
2014,estadual,PB,30546,8,218
2014,estadual,PE,434825,13,185
2014,estadual,PI,49944,7,223
2014,estadual,PR,104255,21,396
2014,estadual,RJ,72240,43,92
2014,estadual,RN,26414,3,163
2014,estadual,RS,95167,10,493
2014,estadual,SC,92410,11,291
2014,estadual,SE,119033,15,75
2014,estadual,SP,452602,60,637
2014,estadual,TO,33694,12,137
2014,federal,AL,15388,2,101
2014,federal,AM,1439,3,9
2014,federal,BA,44581,13,408
2014,federal,CE,1293,1,81
2014,federal,DF,3069,3,1
2014,federal,ES,11208,10,76
2014,federal,GO,26921,3,177
2014,federal,MG,164199,24,832
2014,federal,MS,239316,2,79
2014,federal,MT,737,1,41
2014,federal,PB,36745,2,218
2014,federal,PE,252352,7,185
2014,federal,PI,828,1,57
2014,federal,PR,91277,11,381
2014,federal,RJ,58856,22,91
2014,federal,RS,230758,6,497
2014,federal,SC,38552,5,282
2014,federal,SE,54611,5,75
2014,federal,SP,886205,37,645
2014,federal,TO,29663,1,139
2014,outro,SE,46346,1,75
2014,outro,SP,11118,1,424
2016,municipal,AC,12237,46,18
2016,municipal,AL,20972,86,46
2016,municipal,AM,36100,151,50
2016,municipal,AP,14197,37,13
2016,municipal,BA,507943,2525,370
2016,municipal,CE,57929,176,87
2016,municipal,ES,45515,258,61
2016,municipal,GO,99708,649,186
2016,municipal,MA,117111,564,160
2016,municipal,MG,379771,1923,602
2016,municipal,MS,32528,179,62
2016,municipal,MT,26269,198,90
2016,municipal,PA,144644,640,131
2016,municipal,PB,26678,100,63
2016,municipal,PE,79724,282,101
2016,municipal,PI,38001,169,99
2016,municipal,PR,120142,582,240
2016,municipal,RJ,202828,484,78
2016,municipal,RN,18790,68,44
2016,municipal,RO,25817,130,45
2016,municipal,RR,6707,38,13
2016,municipal,RS,80784,278,146
2016,municipal,SC,42579,173,94
2016,municipal,SE,80411,368,65
2016,municipal,SP,590098,2134,516
2016,municipal,TO,22561,157,81
2016,outro,AC,2472,3,3
2016,outro,AL,27378,3,3
2016,outro,AM,4800,4,4
2016,outro,AP,104,1,1
2016,outro,BA,254891,44,37
2016,outro,CE,49803,6,6
2016,outro,ES,6158,1,1
2016,outro,GO,20958,8,7
2016,outro,MA,66206,18,17
2016,outro,MG,113384,28,27
2016,outro,MS,115784,5,5
2016,outro,MT,11402,6,6
2016,outro,PA,42768,14,14
2016,outro,PB,8406,5,5
2016,outro,PE,72721,8,8
2016,outro,PI,58407,13,13
2016,outro,PR,217243,8,8
2016,outro,RJ,9574,7,7
2016,outro,RN,6307,2,2
2016,outro,RO,4281,1,1
2016,outro,RR,6910,3,2
2016,outro,RS,12878,4,4
2016,outro,SC,9625,4,4
2016,outro,SE,68939,9,9
2016,outro,SP,141500,31,31
2016,outro,TO,54186,10,10
2018,estadual,AC,8652,21,22
2018,estadual,AL,28258,5,102
2018,estadual,AM,46781,22,62
2018,estadual,AP,20006,23,16
2018,estadual,BA,243576,49,417
2018,estadual,CE,55335,17,181
2018,estadual,DF,38963,28,1
2018,estadual,ES,60272,25,78
2018,estadual,GO,50600,29,236
2018,estadual,MA,166539,19,217
2018,estadual,MG,137008,49,822
2018,estadual,MS,15550,8,79
2018,estadual,MT,24450,14,140
2018,estadual,PA,61678,15,144
2018,estadual,PB,2724,6,103
2018,estadual,PE,123820,21,185
2018,estadual,PI,52966,9,220
2018,estadual,PR,62709,19,392
2018,estadual,RJ,123392,65,92
2018,estadual,RN,30411,6,164
2018,estadual,RO,25188,15,52
2018,estadual,RR,6121,10,15
2018,estadual,RS,28742,9,466
2018,estadual,SC,43642,9,283
2018,estadual,SE,87225,20,75
2018,estadual,SP,247306,57,630
2018,estadual,TO,18478,7,137
2018,federal,AC,9927,3,22
2018,federal,AL,1481,1,77
2018,federal,AM,6481,3,52
2018,federal,AP,19499,6,16
2018,federal,BA,482937,28,417
2018,federal,CE,488127,4,184
2018,federal,DF,15214,3,1
2018,federal,ES,62052,7,78
2018,federal,GO,731,3,93
2018,federal,MA,59400,8,216
2018,federal,MG,341708,40,853
2018,federal,MS,810,1,28
2018,federal,MT,11435,4,134
2018,federal,PA,14202,3,142
2018,federal,PB,130345,7,223
2018,federal,PE,404398,15,185
2018,federal,PI,81133,4,224
2018,federal,PR,61317,10,390
2018,federal,RJ,460123,36,92
2018,federal,RN,8304,1,123
2018,federal,RO,63850,3,52
2018,federal,RR,108449,7,15
2018,federal,RS,132148,6,493
2018,federal,SC,1643,1,106
2018,federal,SE,312928,9,75
2018,federal,SP,527935,51,645
2018,federal,TO,10360,4,132
2018,outro,BA,34298,2,417
2018,outro,SC,72133,1,292
2020,municipal,AC,5559,70,21
2020,municipal,AL,24069,107,49
2020,municipal,AM,30557,234,57
2020,municipal,AP,12610,66,16
2020,municipal,BA,555371,3479,383
2020,municipal,CE,60935,231,91
2020,municipal,ES,44263,364,70
2020,municipal,GO,92393,878,209
2020,municipal,MA,121278,728,164
2020,municipal,MG,315989,2255,633
2020,municipal,MS,27520,227,68
2020,municipal,MT,31558,281,101
2020,municipal,PA,139060,829,137
2020,municipal,PB,32353,122,61
2020,municipal,PE,99485,356,123
2020,municipal,PI,43494,213,108
2020,municipal,PR,106735,732,268
2020,municipal,RJ,170845,677,86
2020,municipal,RN,19591,112,52
2020,municipal,RO,25219,161,46
2020,municipal,RR,8826,49,15
2020,municipal,RS,61204,351,165
2020,municipal,SC,47350,274,120
2020,municipal,SE,81796,461,63
2020,municipal,SP,613787,2577,523
2020,municipal,TO,23212,204,90
2020,outro,AC,3494,3,3
2020,outro,AL,56086,9,9
2020,outro,AM,4435,6,6
2020,outro,AP,277,2,2
2020,outro,BA,206590,42,41
2020,outro,CE,41574,8,7
2020,outro,ES,5389,4,4
2020,outro,GO,18442,13,13
2020,outro,MA,165954,27,26
2020,outro,MG,76638,32,30
2020,outro,MS,1103,4,4
2020,outro,MT,11850,11,11
2020,outro,PA,70330,19,19
2020,outro,PB,9159,5,5
2020,outro,PE,35356,10,10
2020,outro,PI,12165,6,6
2020,outro,PR,143675,18,18
2020,outro,RJ,22091,6,6
2020,outro,RN,2765,2,2
2020,outro,RO,12217,3,3
2020,outro,RR,8408,2,2
2020,outro,RS,6359,5,5
2020,outro,SC,4832,6,6
2020,outro,SE,60450,9,8
2020,outro,SP,156059,35,31
2020,outro,TO,10737,8,8
2022,estadual,AC,8903,12,22
2022,estadual,AL,31415,6,102
2022,estadual,AM,48707,15,61
2022,estadual,AP,25443,18,16
2022,estadual,BA,442900,78,417
2022,estadual,CE,55679,20,179
2022,estadual,DF,79249,26,1
2022,estadual,ES,40866,26,78
2022,estadual,GO,67513,32,245
2022,estadual,MA,119874,28,217
2022,estadual,MG,189241,59,839
2022,estadual,MS,13420,9,76
2022,estadual,MT,10928,6,119
2022,estadual,PA,55796,22,144
2022,estadual,PB,9685,10,161
2022,estadual,PE,268044,21,185
2022,estadual,PI,45355,9,224
2022,estadual,PR,26327,23,314
2022,estadual,RJ,48651,54,91
2022,estadual,RN,3039,5,106
2022,estadual,RO,12243,9,52
2022,estadual,RR,12331,18,15
2022,estadual,RS,75924,12,474
2022,estadual,SC,31752,6,285
2022,estadual,SE,49716,17,75
2022,estadual,SP,266880,75,626
2022,estadual,TO,18181,16,139
2022,federal,AC,11636,6,22
2022,federal,AL,2262,1,71
2022,federal,AM,10213,7,62
2022,federal,AP,7095,8,16
2022,federal,BA,186130,51,417
2022,federal,CE,21156,11,177
2022,federal,DF,11135,6,1
2022,federal,ES,36773,9,78
2022,federal,GO,11695,11,215
2022,federal,MA,144074,18,217
2022,federal,MG,234004,40,852
2022,federal,MS,2415,1,61
2022,federal,MT,7193,5,132
2022,federal,PA,163933,12,144
2022,federal,PB,44799,6,222
2022,federal,PE,252903,15,185
2022,federal,PI,5737,5,155
2022,federal,PR,93585,18,397
2022,federal,RJ,186671,42,92
2022,federal,RN,4165,2,160
2022,federal,RO,32529,4,52
2022,federal,RR,48961,10,15
2022,federal,RS,149413,13,494
2022,federal,SC,12827,2,216
2022,federal,SE,67983,12,75
2022,federal,SP,531268,43,645
2022,federal,TO,41170,5,139
2022,outro,MT,233543,1,141
2022,outro,PE,8020,1,184
2024,municipal,AC,9141,52,18
2024,municipal,AL,28390,92,41
2024,municipal,AM,34779,179,50
2024,municipal,AP,18437,64,16
2024,municipal,BA,632645,2958,381
2024,municipal,CE,61404,207,89
2024,municipal,ES,52953,289,67
2024,municipal,GO,99212,707,195
2024,municipal,MA,122350,595,153
2024,municipal,MG,357407,2032,630
2024,municipal,MS,29433,198,69
2024,municipal,MT,39597,276,104
2024,municipal,PA,136871,577,130
2024,municipal,PB,30457,101,59
2024,municipal,PE,98207,290,112
2024,municipal,PI,39764,180,107
2024,municipal,PR,115178,714,273
2024,municipal,RJ,178312,468,85
2024,municipal,RN,14607,77,42
2024,municipal,RO,34984,146,46
2024,municipal,RR,13126,37,12
2024,municipal,RS,61172,313,165
2024,municipal,SC,64078,232,112
2024,municipal,SE,93445,406,60
2024,municipal,SP,614130,2123,515
2024,municipal,TO,35369,197,84
2024,outro,AL,32526,4,4
2024,outro,AM,9655,3,3
2024,outro,BA,189869,43,41
2024,outro,CE,38030,8,8
2024,outro,ES,11133,6,5
2024,outro,GO,37251,8,8
2024,outro,MA,39082,11,11
2024,outro,MG,154372,25,25
2024,outro,MS,17643,4,4
2024,outro,MT,15202,7,7
2024,outro,PA,60663,9,9
2024,outro,PB,6039,2,2
2024,outro,PE,38547,3,3
2024,outro,PI,22267,8,8
2024,outro,PR,91727,12,11
2024,outro,RJ,21640,3,3
2024,outro,RN,93,1,1
2024,outro,RO,184,1,1
2024,outro,RR,3028,1,1
2024,outro,RS,409,1,1
2024,outro,SC,555,1,1
2024,outro,SE,49889,9,9
2024,outro,SP,100097,24,24
2024,outro,TO,18811,8,8
