ANO_ELEICAO_ANALISE,ESFERA,grupo_religiao_resultado,receita_total_count,receita_total_mean,receita_total_median,receita_total_sum,receita_publica_count,receita_publica_mean,receita_publica_median,receita_publica_sum,receita_pessoa_fisica_count,receita_pessoa_fisica_mean,receita_pessoa_fisica_median,receita_pessoa_fisica_sum,receita_recursos_proprios_count,receita_recursos_proprios_mean,receita_recursos_proprios_median,receita_recursos_proprios_sum,receita_partido_ou_candidato_count,receita_partido_ou_candidato_mean,receita_partido_ou_candidato_median,receita_partido_ou_candidato_sum,receita_estimavel_count,receita_estimavel_mean,receita_estimavel_median,receita_estimavel_sum,despesa_contratada_count,despesa_contratada_mean,despesa_contratada_median,despesa_contratada_sum,despesa_paga_count,despesa_paga_mean,despesa_paga_median,despesa_paga_sum,doadores_distintos_count,doadores_distintos_mean,doadores_distintos_median,doadores_distintos_sum,pct_receita_publica_count,pct_receita_publica_mean,pct_receita_publica_median,pct_receita_publica_sum,pct_receita_pessoa_fisica_count,pct_receita_pessoa_fisica_mean,pct_receita_pessoa_fisica_median,pct_receita_pessoa_fisica_sum,pct_receita_recursos_proprios_count,pct_receita_recursos_proprios_mean,pct_receita_recursos_proprios_median,pct_receita_recursos_proprios_sum,log_receita_total_count,log_receita_total_mean,log_receita_total_median,log_receita_total_sum,log_despesa_contratada_count,log_despesa_contratada_mean,log_despesa_contratada_median,log_despesa_contratada_sum
2012,municipal,cristao_derrotado,11048,3489.2466690803763,427.735,38549197.199999996,11048,0.0,0.0,0.0,11048,0.0,0.0,0.0,11048,0.0,0.0,0.0,11048,0.0,0.0,0.0,11048,0.0,0.0,0.0,11048,3057.809400796524,395.0,33782678.26,11048,0.0,0.0,0.0,11048,1.2829471397538017,1.0,14174,8143,0.0,0.0,0.0,8143,0.0,0.0,0.0,8143,0.0,0.0,0.0,11048,4.958517594868577,6.060838650053896,54781.70238810804,11048,4.880980107112235,5.981414211254481,53925.06822337597
2012,municipal,cristao_eleito,1096,7895.435091240875,2385.545,8653396.86,1096,0.0,0.0,0.0,1096,0.0,0.0,0.0,1096,0.0,0.0,0.0,1096,0.0,0.0,0.0,1096,0.0,0.0,0.0,1096,7210.199370437956,2335.975,7902378.51,1096,0.0,0.0,0.0,1096,2.102189781021898,2.0,2304,1073,0.0,0.0,0.0,1073,0.0,0.0,0.0,1073,0.0,0.0,0.0,1096,7.667932150109146,7.777601728074524,8404.053636519624,1096,7.647729554812856,7.756612261590838,8381.91159207489
2012,municipal,nao_cristao,438551,2673.712982252919,600.0,1172559502.08,438551,0.0,0.0,0.0,438551,0.0,0.0,0.0,438551,0.0,0.0,0.0,438551,0.0,0.0,0.0,438551,0.0,0.0,0.0,438551,2347.6265137920104,570.0,1029553955.25,438551,0.0,0.0,0.0,438551,1.3911175667140196,1.0,610076,339106,0.0,0.0,0.0,339106,0.0,0.0,0.0,339106,0.0,0.0,0.0,438551,5.349649845771236,6.398594934535208,2346094.289512821,438551,5.299462033664495,6.3473892096560105,2324084.374325598
2014,estadual,cristao_derrotado,542,21652.525479704796,2569.875,11735668.81,542,0.0,0.0,0.0,542,0.0,0.0,0.0,542,0.0,0.0,0.0,542,0.0,0.0,0.0,542,0.0,0.0,0.0,542,21881.42774907749,2595.53,11859733.84,542,0.0,0.0,0.0,542,5.029520295202952,2.0,2726,392,0.0,0.0,0.0,392,0.0,0.0,0.0,392,0.0,0.0,0.0,542,6.394917911894127,7.851984280484463,3466.045508246617,542,6.47235470701074,7.861912866697681,3508.016251199821
2014,estadual,cristao_eleito,33,223261.07272727275,210435.8,7367615.4,33,0.0,0.0,0.0,33,0.0,0.0,0.0,33,0.0,0.0,0.0,33,0.0,0.0,0.0,33,0.0,0.0,0.0,33,224380.26030303029,210096.22,7404548.59,33,0.0,0.0,0.0,33,24.21212121212121,20.0,799,33,0.0,0.0,0.0,33,0.0,0.0,0.0,33,0.0,0.0,0.0,33,12.063349892268038,12.256940649494572,398.09054644484524,33,12.066252904648861,12.255325654951168,398.18634585341243
2014,estadual,nao_cristao,17456,71398.22467117323,4000.0,1246327409.86,17456,0.0,0.0,0.0,17456,0.0,0.0,0.0,17456,0.0,0.0,0.0,17456,0.0,0.0,0.0,17456,0.0,0.0,0.0,17456,71953.63026982127,4024.51,1256022569.99,17456,0.0,0.0,0.0,17456,7.586617781851513,3.0,132432,13406,0.0,0.0,0.0,13406,0.0,0.0,0.0,13406,0.0,0.0,0.0,17456,7.152871224987757,8.294299608857235,124860.52010338628,17456,7.168136872501769,8.300406889650482,125126.99724639088
2014,federal,cristao_derrotado,242,35983.6929338843,2113.33,8708053.69,242,0.0,0.0,0.0,242,0.0,0.0,0.0,242,0.0,0.0,0.0,242,0.0,0.0,0.0,242,0.0,0.0,0.0,242,36059.514008264465,2113.33,8726402.39,242,0.0,0.0,0.0,242,5.62396694214876,2.0,1361,178,0.0,0.0,0.0,178,0.0,0.0,0.0,178,0.0,0.0,0.0,242,6.55000129568217,7.656108111753306,1585.1003135550852,242,6.59573202513697,7.656108111753306,1596.1671500831467
2014,federal,cristao_eleito,8,1059060.46625,400350.0,8472483.73,8,0.0,0.0,0.0,8,0.0,0.0,0.0,8,0.0,0.0,0.0,8,0.0,0.0,0.0,8,0.0,0.0,0.0,8,1048270.6074999999,379935.505,8386164.859999999,8,0.0,0.0,0.0,8,27.875,27.0,223,8,0.0,0.0,0.0,8,0.0,0.0,0.0,8,0.0,0.0,0.0,8,13.230842269104201,12.899855307086007,105.84673815283361,8,13.213282906853584,12.844809413235375,105.70626325482867
2014,federal,nao_cristao,7071,202281.0647701881,4690.0,1430329408.99,7071,0.0,0.0,0.0,7071,0.0,0.0,0.0,7071,0.0,0.0,0.0,7071,0.0,0.0,0.0,7071,0.0,0.0,0.0,7071,206594.80313816998,4742.4,1460831852.99,7071,0.0,0.0,0.0,7071,10.025173242822797,3.0,70888,5501,0.0,0.0,0.0,5501,0.0,0.0,0.0,5501,0.0,0.0,0.0,7071,7.514644170233678,8.453401058328458,53136.04892772234,7071,7.541022088855656,8.464509457130793,53322.567190298345
2016,municipal,cristao_derrotado,12733,0.0,0.0,0.0,12733,0.0,0.0,0.0,12733,0.0,0.0,0.0,12733,0.0,0.0,0.0,12733,0.0,0.0,0.0,12733,0.0,0.0,0.0,12733,0.0,0.0,0.0,12733,0.0,0.0,0.0,12733,0.0,0.0,0,0,,,0.0,0,,,0.0,0,,,0.0,12733,0.0,0.0,0.0,12733,0.0,0.0,0.0
2016,municipal,cristao_eleito,1138,0.0,0.0,0.0,1138,0.0,0.0,0.0,1138,0.0,0.0,0.0,1138,0.0,0.0,0.0,1138,0.0,0.0,0.0,1138,0.0,0.0,0.0,1138,0.0,0.0,0.0,1138,0.0,0.0,0.0,1138,0.0,0.0,0,0,,,0.0,0,,,0.0,0,,,0.0,1138,0.0,0.0,0.0,1138,0.0,0.0,0.0
2016,municipal,nao_cristao,449567,0.0,0.0,0.0,449567,0.0,0.0,0.0,449567,0.0,0.0,0.0,449567,0.0,0.0,0.0,449567,0.0,0.0,0.0,449567,0.0,0.0,0.0,449567,0.0,0.0,0.0,449567,0.0,0.0,0.0,449567,0.0,0.0,0,0,,,0.0,0,,,0.0,0,,,0.0,449567,0.0,0.0,0.0,449567,0.0,0.0,0.0
2018,estadual,cristao_derrotado,629,25246.641669316374,3463.55,15880137.61,629,18009.742098569157,1101.79,11328127.78,629,0.0,0.0,0.0,629,2439.0491732909377,0.0,1534161.93,629,19231.91171701113,1780.0,12096872.47,629,4143.839713831479,1101.79,2606475.18,629,21360.108696343403,800.0,13435508.37,629,0.0,0.0,0.0,629,3.422893481717011,2.0,2153,503,0.5776514362701157,0.7777777777777778,290.5586724438682,503,0.0,0.0,0.0,503,0.10385393460008413,0.0,52.23852910384232,629,7.013365603541494,8.150338033060278,4411.4069646276,629,5.04006266541409,6.68586094706836,3170.1994165454626
2018,estadual,cristao_eleito,21,295798.47142857144,223834.48,6211767.9,21,167822.02904761903,106100.0,3524262.61,21,0.0,0.0,0.0,21,74599.85238095238,15997.36,1566596.9,21,169773.53761904762,106100.0,3565244.29,21,27706.494761904763,17890.65,581836.39,21,267905.96476190473,196194.4,5626025.26,21,0.0,0.0,0.0,21,19.61904761904762,10.0,412,21,0.48491946229367666,0.3945553654305009,10.18330870816721,21,0.0,0.0,0.0,21,0.2529815636090285,0.04397705544933078,5.312612835789599,21,12.20730173532742,12.31866659670043,256.3533364418758,21,12.00881316323005,12.186866380374738,252.18507642783104
2018,estadual,nao_cristao,18304,54179.335574737765,6004.56,991698558.36,18304,29737.887975305945,1935.74,544322301.5,18304,0.0,0.0,0.0,18304,9978.075018028845,0.0,182638685.13,18304,32147.9877420236,2661.685,588436767.63,18304,7569.651022180944,1562.4,138554892.31,18304,46735.45192253059,2537.455,855445711.99,18304,0.0,0.0,0.0,18304,5.874016608391608,2.0,107518,15134,0.5543251125134571,0.6654451346941104,8389.15625277866,15134,0.0,0.0,0.0,15134,0.13919833164926929,0.0,2106.6275511800413,18304,7.733982148125619,8.700440985786365,141562.80923929132,18304,6.057060062481461,7.8393106136840816,110868.42738366066
2018,federal,cristao_derrotado,286,62194.551608391615,3724.25,17787641.76,286,50941.559125874126,1085.25,14569285.91,286,0.0,0.0,0.0,286,4552.331608391609,0.0,1301966.84,286,52327.63206293706,2046.5549999999998,14965702.77,286,7594.017517482516,902.5,2171889.01,286,55062.60038461539,1481.0,15747903.71,286,0.0,0.0,0.0,286,4.216783216783217,2.0,1206,219,0.5815632653073772,0.7429885858375288,127.36235510231562,219,0.0,0.0,0.0,219,0.16498729383458466,0.0,36.13221734977404,286,7.104323387570369,8.22284319248438,2031.8364888451254,286,5.603764877534855,7.301120259070315,1602.6767549749686
2018,federal,cristao_eleito,16,828395.686875,711661.355,13254330.99,16,768960.87,593349.79,12303373.92,16,0.0,0.0,0.0,16,24431.46125,49.515,390903.38,16,769643.399375,593349.79,12314294.39,16,37957.20375,16722.5,607315.26,16,786059.6174999999,637055.27,12576953.879999999,16,0.0,0.0,0.0,16,16.0,12.5,256,16,0.8102527558034639,0.9142131305910898,12.964044092855422,16,0.0,0.0,0.0,16,0.07589636204865462,2.080279478647302e-05,1.2143417927784739,16,12.994539431412448,13.475346123873294,207.91263090259918,16,12.913968663463356,13.364260425941254,206.6234986154137
2018,federal,nao_cristao,8690,180178.02369044878,10000.0,1565747025.87,8690,137082.07336248562,2732.61,1191243217.52,8690,0.0,0.0,0.0,8690,18435.886566168007,0.0,160207854.26,8690,139407.8879090909,3822.0,1211454545.93,8690,10433.8829136939,1506.95,90670442.52,8690,172984.07599424626,5709.43,1503231620.39,8690,0.0,0.0,0.0,8690,7.222669735327963,3.0,62765,7411,0.5985848149104636,0.7781506080059899,4436.112063301445,7411,0.0,0.0,0.0,7411,0.14548102981092628,0.0,1078.1599119287746,8690,8.443343917526187,9.210440366976517,73372.65864330257,8690,7.160401776872761,8.650049603459419,62223.891441024294
2020,municipal,cristao_derrotado,16201,2452.565276834763,665.5,39734010.05,16201,1229.440919696315,0.0,19918172.34,16201,0.0,0.0,0.0,16201,361.1223103512129,0.0,5850542.55,16201,1444.726255169434,120.0,23406010.06,16201,789.6449780877723,139.34,12793038.29,16201,1614.3041676439725,0.0,26153341.82,16201,0.0,0.0,0.0,16201,1.8856243441762854,1.0,30549,12263,0.33136282052654986,0.0,4063.5022681170813,12263,0.0,0.0,0.0,12263,0.2177639950585225,0.0,2670.4398714026615,16201,5.345578288097072,6.502040139618764,86603.71384546066,16201,3.4924424470084348,0.0,56581.06008398365
2020,municipal,cristao_eleito,1149,7185.952219321149,2564.32,8256659.1,1149,1827.132358572672,0.0,2099375.08,1149,0.0,0.0,0.0,1149,1414.2205395996518,500.0,1624939.4,1149,2183.3671192341167,127.25,2508688.82,1149,1911.58635335074,600.0,2196412.72,1149,5176.977885117493,1500.0,5948347.59,1149,0.0,0.0,0.0,1149,3.812880765883377,3.0,4381,1098,0.16730054058859065,0.0,183.69599356627253,1098,0.0,0.0,0.0,1098,0.31849914198881407,0.21746815448532872,349.71205790371783,1149,7.527559351309283,7.849838506158728,8649.165694654366,1149,6.406955441731652,7.313886831633462,7361.5918025496685
2020,municipal,nao_cristao,501346,8234.626574920314,996.77,4128397094.83,501346,1386.7004647289498,0.0,695216731.19,501346,0.0,0.0,0.0,501346,573.3397665484516,0.0,287441598.6,501346,6569.52835871833,192.5,3293606764.53,501346,5903.22497829842,219.65,2959558229.97,501346,2293.436231704252,300.0,1149805081.02,501346,0.0,0.0,0.0,501346,2.185532546385131,2.0,1095708,407345,0.31015890209416713,0.0,126341.6779735485,407345,0.0,0.0,0.0,407345,0.24404008707168698,0.0,99408.50926821634,501346,5.895915586580011,6.905522788628526,2955893.695669542,501346,4.1303280140165475,5.707110264748875,2070723.42851514
2022,estadual,cristao_derrotado,661,49861.77701966717,13000.0,32958634.61,661,42700.04010590015,10000.0,28224726.51,661,0.0,0.0,0.0,661,1831.1508925869894,0.0,1210390.74,661,43502.07199697428,10000.0,28754869.59,661,7646.380574886535,500.0,5054257.56,661,42643.70246596067,10000.0,28187487.330000002,661,0.0,0.0,0.0,661,3.136157337367625,1.0,2073,521,0.7902864509330356,0.9986797252402603,411.73924093611157,521,0.0,0.0,0.0,521,0.044899823137274655,0.0,23.392807854520097,661,7.885450244328303,9.472781556562168,5212.282611501008,661,6.907308777366675,9.210440366976517,4565.731101839372
2022,estadual,cristao_eleito,16,451895.64875,393744.32999999996,7230330.38,16,333696.96625,199560.71000000002,5339151.46,16,0.0,0.0,0.0,16,30649.250625,15000.0,490388.01,16,354078.41625,211030.52000000002,5665254.66,16,25089.66625,17500.12,401434.66,16,429779.855625,367029.805,6876477.69,16,0.0,0.0,0.0,16,8.8125,6.5,141,15,0.6956749496995162,0.7837916013549895,10.435124245492743,15,0.0,0.0,0.0,15,0.1083760194168386,0.024390243902439025,1.625640291252579,16,12.049066486006744,12.847800950356138,192.7850637761079,16,11.932240399490356,12.763466728859585,190.9158463918457
2022,estadual,nao_cristao,16670,105475.6986994601,25742.5,1758279897.32,16670,77609.84612057588,18139.93,1293756134.83,16670,0.0,0.0,0.0,16670,5985.08649310138,0.0,99771391.84,16670,81021.97534193161,20000.0,1350636328.95,16670,10589.62026874625,1744.67,176528969.88,16670,95365.0796244751,20000.0,1589735877.34,16670,0.0,0.0,0.0,16670,5.283503299340132,2.0,88076,14006,0.7410179056810163,0.9492633573603988,10378.696786968314,14006,0.0,0.0,0.0,14006,0.07416249259475996,0.0,1038.719871282208,16670,8.857468385513483,10.155937442326952,147653.99798650976,16670,8.070397004149653,9.90353755128617,134533.5180591747
2022,federal,cristao_derrotado,395,168713.6362278481,21925.27,66641886.31,395,159899.2672658228,20000.0,63160210.57,395,0.0,0.0,0.0,395,1016.6552911392404,0.0,401578.83999999997,395,161389.3412658228,20745.2,63748789.8,395,9922.514506329115,250.0,3919393.23,395,160031.57488607595,19973.25,63212472.08,395,0.0,0.0,0.0,395,2.7164556962025315,1.0,1073,331,0.8535814333156088,1.0,282.5354544274665,331,0.0,0.0,0.0,331,0.026955290315897825,0.0,8.92220109456218,395,8.816903833222554,9.995440740306254,3482.6770141229085,395,7.888380436883759,9.902199222995904,3115.910272569085
2022,federal,cristao_eleito,11,1525108.7,1500000.0,16776195.7,11,1258700.6345454545,1410702.04,13845706.98,11,0.0,0.0,0.0,11,5611.735454545455,0.0,61729.09,11,1334191.5872727272,1410702.04,14676107.459999999,11,20423.258181818182,19200.48,224655.84,11,1504379.6627272726,1487721.65,16548176.29,11,0.0,0.0,0.0,11,10.909090909090908,6.0,120,11,0.8383742397234812,0.9766713519638276,9.222116636958294,11,0.0,0.0,0.0,11,0.007365986923320719,0.0,0.08102585615652791,11,14.16402806411847,14.220976332738882,155.80430870530319,11,14.149147492891872,14.212757085873157,155.6406224218106
2022,federal,nao_cristao,10467,327168.1049890131,53750.0,3424468554.92,10467,283312.18393713573,48711.13,2965428629.27,10467,0.0,0.0,0.0,10467,7452.7288707366015,0.0,78007713.09,10467,289791.6911416834,50000.0,3033249631.18,10467,13596.589151619375,1375.0,142315498.65,10467,318915.2232311073,49819.0,3338085641.56,10467,0.0,0.0,0.0,10467,5.996465080729913,2.0,62765,9104,0.8349748706511313,0.9836984182617858,7601.6112224079,9104,0.0,0.0,0.0,9104,0.044509143514471605,0.0,405.2112425557495,10467,9.80923995390779,10.892117550468008,102673.31459755283,10467,9.243758470257902,10.816171788816172,96754.41990818946
2024,municipal,cristao_derrotado,13093,5865.880112273734,1213.0,76801968.31,13093,4181.627986710456,0.0,54750055.23,13093,0.0,0.0,0.0,13093,428.77692049186584,0.0,5613976.22,13093,4543.18298938364,400.0,59483894.88,13093,1085.9512182082028,192.3,14218359.3,13093,4717.97385855037,380.0,61772431.73,13093,0.0,0.0,0.0,13093,1.8977316123119223,1.0,24847,10403,0.41388429528908643,0.13481858474190667,4305.638323892366,10403,0.0,0.0,0.0,10403,0.16196993135627472,0.0,1684.973195899326,13093,6.074275287395286,7.101675971619444,79530.48633786649,13093,4.364324382164124,5.942799375126701,57142.09913567488
2024,municipal,cristao_eleito,1171,18563.266652433816,4304.4,21737585.25,1171,12677.093868488471,0.0,14844876.92,1171,0.0,0.0,0.0,1171,1431.832075149445,180.0,1676675.36,1171,13024.093817250214,675.2,15251213.86,1171,2519.2231255337315,536.0,2950010.28,1171,15984.964995730146,3000.0,18718394.01,1171,0.0,0.0,0.0,1171,3.5542271562766867,2.0,4162,1129,0.3373968921083744,0.04102444546457438,380.92109119035473,1129,0.0,0.0,0.0,1129,0.22149160417489702,0.05042016806722689,250.06402111345875,1171,8.159483379634654,8.367625327760347,9554.75503755218,1171,7.142822204898323,8.006700845440367,8364.244801935936
2024,municipal,nao_cristao,417768,7370.471389239961,1790.0,3079147091.34,417768,4754.515244729132,0.0,1986284324.76,417768,0.0,0.0,0.0,417768,664.0551992972175,0.0,277421012.5,417768,5118.660632264798,500.0,2138412615.02,417768,1230.0039721807318,259.0,513856299.45,417768,6077.476483048007,900.0,2538975195.37,417768,0.0,0.0,0.0,417768,2.1873839068573946,2.0,913819,351417,0.41059393970115293,0.18968035166051797,144289.69050796007,351417,0.0,0.0,0.0,351417,0.18254149053100058,0.0,64148.18297793263,417768,6.574882486809177,7.490529402060711,2746775.506749296,417768,4.986801614093429,6.803505257608338,2083326.1367165837
