comparacao,ANO_ELEICAO_ANALISE,ESFERA,tipo_despesa,variavel,grupo_a,grupo_b,n_a,n_b,media_a,media_b,diferenca_media,teste,estatistica,p_valor
cristaos_direita_vs_centro,2012,municipal,Combustiveis e lubrificantes,pct_despesa_tipo,direita,centro_ou_indefinido,5533,3224,0.06395626278779531,0.051322831292968454,0.01263343149482686,t_welch,3.647627365780799,0.00026653597514723714
cristaos_direita_vs_centro,2012,municipal,Baixa de Estimaveis - Cessao ou locacao de veiculos,pct_despesa_tipo,direita,centro_ou_indefinido,5533,3224,0.05832804017612704,0.047954663391505524,0.010373376784621517,t_welch,2.817765759125091,0.004849051033985282
cristaos_direita_vs_centro,2012,municipal,"Publicidade por placas, estandartes e faixas",pct_despesa_tipo,direita,centro_ou_indefinido,5533,3224,0.02528321552704855,0.020383262311461134,0.0048999532155874145,t_welch,2.2610698221638437,0.023785075836921153
cristaos_direita_vs_centro,2012,municipal,Despesas com pessoal,pct_despesa_tipo,direita,centro_ou_indefinido,5533,3224,9.947870773978546e-05,0.0014955188280335512,-0.0013960401202937657,t_welch,-2.337463692634947,0.019474637744271932
cristaos_direita_vs_centro,2012,municipal,Baixa de Estimaveis - Telefone,pct_despesa_tipo,direita,centro_ou_indefinido,5533,3224,0.000410786825373432,0.00010487150181307752,0.0003059153235603545,t_welch,2.1795268815912485,0.029325417245729336
cristaos_direita_vs_centro,2012,municipal,Baixa de Estimaveis - Encargos sociais,pct_despesa_tipo,direita,centro_ou_indefinido,5533,3224,6.988652954355847e-05,4.7757516259842364e-06,6.511077791757423e-05,t_welch,2.451310299472016,0.014262537772618397
cristaos_direita_vs_centro,2014,estadual,Publicidade por materiais impressos,pct_despesa_tipo,direita,centro_ou_indefinido,242,225,0.12129091533916876,0.07408033321046326,0.047210582128705506,t_welch,2.617909309347672,0.009144667052350926
cristaos_direita_vs_centro,2014,estadual,Baixa de Estimaveis - Publicidade por materiais impressos,pct_despesa_tipo,direita,centro_ou_indefinido,242,225,0.08991064601346832,0.1368979238700844,-0.04698727785661608,t_welch,-2.398440740147587,0.016915081842375595
cristaos_direita_vs_centro,2014,estadual,"Baixa de Estimaveis - Publicidade por placas, estandartes e faixas",pct_despesa_tipo,direita,centro_ou_indefinido,242,225,0.020100847859151144,0.05875323214343682,-0.038652384284285676,t_welch,-3.181360137844871,0.0016008230758229355
cristaos_direita_vs_centro,2014,estadual,Despesas com pessoal,pct_despesa_tipo,direita,centro_ou_indefinido,242,225,0.04821451402681016,0.021953531074277804,0.026260982952532354,t_welch,2.2865557082948893,0.022713242717161543
cristaos_direita_vs_centro,2014,estadual,Baixa de Estimaveis - Diversas a especificar,pct_despesa_tipo,direita,centro_ou_indefinido,242,225,0.002740781502810892,0.022761647207733337,-0.020020865704922446,t_welch,-2.201783314151317,0.02865822029894468
cristaos_direita_vs_centro,2014,estadual,Correspondencias e despesas postais,pct_despesa_tipo,direita,centro_ou_indefinido,242,225,0.0009359537411978967,0.004685102262049411,-0.003749148520851514,t_welch,-2.0652138046708255,0.03995504048123274
cristaos_direita_vs_centro,2014,federal,Baixa de Estimaveis - Publicidade por materiais impressos,pct_despesa_tipo,direita,centro_ou_indefinido,116,91,0.0696681596691837,0.15248011353051455,-0.08281195386133085,t_welch,-2.493090107704065,0.013832627304992037
cristaos_direita_vs_centro,2014,federal,Publicidade por materiais impressos,pct_despesa_tipo,direita,centro_ou_indefinido,116,91,0.1473793041329379,0.06921265595124748,0.07816664818169042,t_welch,2.8468519635483434,0.004867822210057944
cristaos_direita_vs_centro,2014,federal,Cessao ou locacao de veiculos,pct_despesa_tipo,direita,centro_ou_indefinido,116,91,0.020223481552904793,0.0012183960365777214,0.019005085516327073,t_welch,2.2436114982694546,0.026737750941565903
cristaos_direita_vs_centro,2014,federal,Publicidade por jornais e revistas,pct_despesa_tipo,direita,centro_ou_indefinido,116,91,0.011471308859546414,0.0015428903539311273,0.009928418505615287,t_welch,2.0631300577156706,0.04114895144604445
cristaos_direita_vs_centro,2014,federal,"Producao de programas de radio, televisao ou video",pct_despesa_tipo,direita,centro_ou_indefinido,116,91,0.005154260412765564,0.0,0.005154260412765564,t_welch,2.3317154897870322,0.02145646341057495
cristaos_direita_vs_centro,2014,federal,Correspondencias e despesas postais,pct_despesa_tipo,direita,centro_ou_indefinido,116,91,0.0042831679679345095,0.0,0.0042831679679345095,t_welch,2.263119496357749,0.025504890335443026
cristaos_direita_vs_centro,2014,federal,Locacao/cessao de bens imoveis,pct_despesa_tipo,direita,centro_ou_indefinido,116,91,0.003314365668593339,7.722078622019164e-05,0.003237144882373147,t_welch,2.3685263272106454,0.019516046303744015
cristaos_direita_vs_centro,2018,estadual,Diversas a especificar,pct_despesa_tipo,direita,centro_ou_indefinido,283,236,0.0027799022496580207,0.01968747528406583,-0.01690757303440781,t_welch,-2.22879785674862,0.0267433836914476
cristaos_direita_vs_centro,2018,federal,Publicidade por materiais impressos,pct_despesa_tipo,direita,centro_ou_indefinido,138,101,0.21449595978128097,0.12029046401202748,0.0942054957692535,t_welch,2.6095473706575287,0.00965078877458249
cristaos_direita_vs_centro,2018,federal,Publicidade por adesivos,pct_despesa_tipo,direita,centro_ou_indefinido,138,101,0.04899885363371029,0.0214173239745094,0.02758152965920089,t_welch,2.2048728566448337,0.028450246347046137
cristaos_direita_vs_centro,2018,federal,Locacao/cessao de bens imoveis,pct_despesa_tipo,direita,centro_ou_indefinido,138,101,0.004815797482385662,0.0008333200055009578,0.003982477476884704,t_welch,2.1822269504807275,0.030496965685740913
cristaos_direita_vs_centro,2020,municipal,Publicidade por materiais impressos,pct_despesa_tipo,direita,centro_ou_indefinido,9981,3197,0.18228903518602793,0.16895322399884194,0.013335811187185992,t_welch,2.0536481734808008,0.040056712840472214
cristaos_direita_vs_centro,2020,municipal,Atividades de militancia e mobilizacao de rua,pct_despesa_tipo,direita,centro_ou_indefinido,9981,3197,0.055504972028813104,0.0427258573637416,0.012779114665071506,t_welch,3.4487648637523542,0.0005669726342579216
cristaos_direita_vs_centro,2020,municipal,Despesas com pessoal,pct_despesa_tipo,direita,centro_ou_indefinido,9981,3197,0.04244663928494784,0.03423481028256572,0.00821182900238212,t_welch,2.505568047009231,0.012251947445549494
cristaos_direita_vs_centro,2020,municipal,Despesa com Impulsionamento de Conteudos,pct_despesa_tipo,direita,centro_ou_indefinido,9981,3197,0.007566325213340344,0.004853011095627423,0.0027133141177129215,t_welch,2.481281941666488,0.013112924389913438
cristaos_direita_vs_centro,2020,municipal,Locacao/cessao de bens imoveis,pct_despesa_tipo,direita,centro_ou_indefinido,9981,3197,0.0016362112858422427,0.000796912710885247,0.0008392985749569957,t_welch,2.324254155202755,0.020133009529965093
cristaos_direita_vs_centro,2020,municipal,Locacao/cessao de bens moveis (exceto veiculos),pct_despesa_tipo,direita,centro_ou_indefinido,9981,3197,0.0005731984685430559,7.443086315355485e-05,0.0004987676053895011,t_welch,2.724125626071993,0.006457576129482388
cristaos_direita_vs_centro,2022,estadual,Despesa com Impulsionamento de Conteudos,pct_despesa_tipo,direita,centro_ou_indefinido,371,177,0.023500710544926775,0.004690303937416872,0.018810406607509902,t_welch,3.547133159327342,0.0004272053686889994
cristaos_direita_vs_centro,2022,estadual,Servicos advocaticios,pct_despesa_tipo,direita,centro_ou_indefinido,371,177,0.03852602531654499,0.02016925691336074,0.01835676840318425,t_welch,2.09417419761368,0.03690473053548825
cristaos_direita_vs_centro,2022,estadual,Cessao ou locacao de veiculos,pct_despesa_tipo,direita,centro_ou_indefinido,371,177,0.026827862116846492,0.012758435987841751,0.01406942612900474,t_welch,2.773120384006326,0.0058330236520594105
cristaos_direita_vs_centro,2022,estadual,Eventos de promocao da candidatura,pct_despesa_tipo,direita,centro_ou_indefinido,371,177,0.0025002665963302006,2.702508210929083e-05,0.00247324151422091,t_welch,2.050456397881129,0.041023298796423975
cristaos_direita_vs_centro,2022,estadual,Publicidade por jornais e revistas,pct_despesa_tipo,direita,centro_ou_indefinido,371,177,0.0018262921803907917,0.00013041531435943054,0.0016958768660313612,t_welch,2.0169866987938114,0.044392808035159145
cristaos_direita_vs_centro,2022,federal,Doacoes financeiras a outros candidatos/partidos,pct_despesa_tipo,direita,centro_ou_indefinido,227,115,0.009719784177210873,0.00024847812132673707,0.009471306055884136,t_welch,2.4727894036934464,0.014137408575486994
cristaos_direita_vs_centro,2024,municipal,Despesas com pessoal,pct_despesa_tipo,direita,centro_ou_indefinido,8262,2824,0.06049160668113668,0.03145179922221676,0.029039807458919917,t_welch,8.088333363002375,7.129188902574955e-16
cristaos_direita_vs_centro,2024,municipal,Atividades de militancia e mobilizacao de rua,pct_despesa_tipo,direita,centro_ou_indefinido,8262,2824,0.0922477860491961,0.06889540937054023,0.023352376678655876,t_welch,4.714253825303141,2.4876659513531884e-06
cristaos_direita_vs_centro,2024,municipal,Servicos prestados por terceiros,pct_despesa_tipo,direita,centro_ou_indefinido,8262,2824,0.02850051150892361,0.021730811815154575,0.006769699693769036,t_welch,2.624261444903901,0.008708803828111879
cristaos_direita_vs_centro,2024,municipal,Combustiveis e lubrificantes,pct_despesa_tipo,direita,centro_ou_indefinido,8262,2824,0.020140017578313216,0.013622637608194923,0.006517379970118293,t_welch,3.456715770879073,0.0005506077737288599
cristaos_direita_vs_centro,2024,municipal,Cessao ou locacao de veiculos,pct_despesa_tipo,direita,centro_ou_indefinido,8262,2824,0.012022452220886218,0.0061209426594393615,0.005901509561446857,t_welch,5.507285648432115,3.768121701675249e-08
cristaos_direita_vs_centro,2024,municipal,Despesa com Impulsionamento de Conteudos,pct_despesa_tipo,direita,centro_ou_indefinido,8262,2824,0.01578111969214546,0.010205151469683016,0.005575968222462443,t_welch,3.2374560340744094,0.0012123402342975405
cristaos_direita_vs_centro,2024,municipal,Diversas a especificar,pct_despesa_tipo,direita,centro_ou_indefinido,8262,2824,0.013293606168635579,0.008205964972339266,0.005087641196296313,t_welch,3.1729630824984283,0.0015163067187143873
cristaos_direita_vs_centro,2024,municipal,"Producao de programas de radio, televisao ou video",pct_despesa_tipo,direita,centro_ou_indefinido,8262,2824,0.0064805848578543355,0.002789416610064405,0.0036911682477899304,t_welch,4.004488950938188,6.272332668242952e-05
cristaos_direita_vs_centro,2024,municipal,Criacao e inclusao de paginas na internet,pct_despesa_tipo,direita,centro_ou_indefinido,8262,2824,0.0018050233626921025,0.0005673575753184484,0.0012376657873736541,t_welch,3.341064875803959,0.0008374143783457765
cristaos_direita_vs_centro,2024,municipal,Publicidade por jornais e revistas,pct_despesa_tipo,direita,centro_ou_indefinido,8262,2824,0.0022773177894853257,0.0010730944739629764,0.0012042233155223493,t_welch,2.290612164859384,0.022009752632274015
cristaos_direita_vs_centro,2024,municipal,"Encargos financeiros, taxas bancarias e/ou op. cartao de credito",pct_despesa_tipo,direita,centro_ou_indefinido,8262,2824,0.0016753304393212817,0.000563591667014058,0.0011117387723072235,t_welch,2.8689714277926255,0.004126923420524318
cristaos_direita_vs_centro,2024,municipal,Doacoes financeiras a outros candidatos/partidos,pct_despesa_tipo,direita,centro_ou_indefinido,8262,2824,0.0009676746204827312,0.00025188023821107105,0.0007157943822716601,t_welch,2.764927453607719,0.005703027491306646
cristaos_direita_vs_centro,2024,municipal,Correspondencias e despesas postais,pct_despesa_tipo,direita,centro_ou_indefinido,8262,2824,0.0006119333807621527,7.323876333502603e-05,0.0005386946174271266,t_welch,3.5919191775703387,0.00032989888921649505
cristaos_direita_vs_centro,2024,municipal,Locacao/cessao de bens moveis (exceto veiculos),pct_despesa_tipo,direita,centro_ou_indefinido,8262,2824,0.0006503434909657369,0.00019614614533909144,0.0004541973456266454,t_welch,2.1563618119386145,0.03107863770636768
cristaos_direita_vs_centro,2024,municipal,Alimentacao,pct_despesa_tipo,direita,centro_ou_indefinido,8262,2824,0.0006970415937055205,0.00034107827687779947,0.00035596331682772106,t_welch,2.483034004935995,0.01304897070445217
cristaos_direita_vs_esquerda,2012,municipal,Baixa de Estimaveis - Combustiveis e lubrificantes,pct_despesa_tipo,direita,esquerda,5533,3387,0.04266275951181911,0.03136156549881333,0.011301194013005778,t_welch,3.9989863258179446,6.419511466870905e-05
cristaos_direita_vs_esquerda,2012,municipal,"Baixa de Estimaveis - Publicidade por placas, estandartes e faixas",pct_despesa_tipo,direita,esquerda,5533,3387,0.038160255255635794,0.031337500552293784,0.00682275470334201,t_welch,2.679077297551539,0.007397872709111032
cristaos_direita_vs_esquerda,2012,municipal,Baixa de Estimaveis - Despesas com pessoal,pct_despesa_tipo,direita,esquerda,5533,3387,0.008290958066699147,0.004233974129072162,0.004056983937626985,t_welch,3.15062165404023,0.0016347319575741143
cristaos_direita_vs_esquerda,2012,municipal,Baixa de Estimaveis - Diversas a especificar,pct_despesa_tipo,direita,esquerda,5533,3387,0.0072909583413584035,0.010621804962296111,-0.0033308466209377077,t_welch,-2.044437965641309,0.04095645845603149
cristaos_direita_vs_esquerda,2012,municipal,Baixa de Estimaveis - Pre-instalacao fisica de comite de campanha de candidato,pct_despesa_tipo,direita,esquerda,5533,3387,0.0004422256371447124,0.0,0.0004422256371447124,t_welch,2.13692860373125,0.03264753510485099
cristaos_direita_vs_esquerda,2014,estadual,Atividades de militancia e mobilizacao de rua,pct_despesa_tipo,direita,esquerda,242,108,0.014452583052232902,0.0031553696585207725,0.01129721339371213,t_welch,2.030293688810642,0.04316317442971408
cristaos_direita_vs_esquerda,2014,estadual,Baixa de Estimaveis - Locacao/cessao de bens moveis,pct_despesa_tipo,direita,esquerda,242,108,0.010320920603428162,0.0006895107014664502,0.009631409901961712,t_welch,2.1874037165370033,0.029644889727312596
cristaos_direita_vs_esquerda,2014,federal,"Producao de programas de radio, televisao ou video",pct_despesa_tipo,direita,esquerda,116,43,0.005154260412765564,0.00039932713377958143,0.004754933278985982,t_welch,2.1168024395097462,0.03630339621604852
cristaos_direita_vs_esquerda,2014,federal,Baixa de Estimaveis - Criacao e inclusao de paginas na internet,pct_despesa_tipo,direita,esquerda,116,43,0.00031663306122998064,0.0,0.00031663306122998064,t_welch,2.0664016257678495,0.04103625447626923
cristaos_direita_vs_esquerda,2018,estadual,Combustiveis e lubrificantes,pct_despesa_tipo,direita,esquerda,283,131,0.022602326611475605,0.04414320249516462,-0.021540875883689012,t_welch,-2.1363293618867356,0.034181079184645864
cristaos_direita_vs_esquerda,2018,estadual,Locacao/cessao de bens imoveis,pct_despesa_tipo,direita,esquerda,283,131,0.0025360847485864702,0.014975880889086746,-0.012439796140500276,t_welch,-2.389607252707348,0.01824597201554438
cristaos_direita_vs_esquerda,2018,estadual,"Producao de programas de radio, televisao ou video",pct_despesa_tipo,direita,esquerda,283,131,0.006026070754701974,0.0003673013155474107,0.0056587694391545635,t_welch,2.1139879771512398,0.035381962977122566
cristaos_direita_vs_esquerda,2018,estadual,Despesas com Hospedagem,pct_despesa_tipo,direita,esquerda,283,131,0.0002653537236600749,0.0,0.0002653537236600749,t_welch,2.077528432363785,0.03865764265337395
cristaos_direita_vs_esquerda,2020,municipal,Despesas com pessoal,pct_despesa_tipo,direita,esquerda,9981,4172,0.04244663928494784,0.049875924898010716,-0.007429285613062879,t_welch,-2.119773190298427,0.03405985632597727
cristaos_direita_vs_esquerda,2020,municipal,Servicos prestados por terceiros,pct_despesa_tipo,direita,esquerda,9981,4172,0.018417211504785508,0.025730381180483108,-0.0073131696756976,t_welch,-3.1515392800257063,0.0016312764355846988
cristaos_direita_vs_esquerda,2020,municipal,"Producao de jingles, vinhetas e slogans",pct_despesa_tipo,direita,esquerda,9981,4172,0.021566673877350333,0.026239448768591755,-0.004672774891241422,t_welch,-2.2121896506835874,0.026985137753933266
cristaos_direita_vs_esquerda,2020,municipal,"Encargos financeiros, taxas bancarias e/ou op. cartao de credito",pct_despesa_tipo,direita,esquerda,9981,4172,0.010523801863448333,0.013774028171582613,-0.0032502263081342804,t_welch,-2.048724249684283,0.040528126485004576
cristaos_direita_vs_esquerda,2020,municipal,Eventos de promocao da candidatura,pct_despesa_tipo,direita,esquerda,9981,4172,0.0005912408754398063,0.00021496188278793022,0.0003762789926518761,t_welch,2.007094003159555,0.04475869432958677
cristaos_direita_vs_esquerda,2020,municipal,Alimentacao,pct_despesa_tipo,direita,esquerda,9981,4172,0.00047353655313907706,0.00019148591165854824,0.0002820506414805288,t_welch,2.20657264636333,0.027359937583819483
cristaos_direita_vs_esquerda,2020,municipal,Agua,pct_despesa_tipo,direita,esquerda,9981,4172,0.00013734873753230715,1.6442334193350727e-05,0.00012090640333895642,t_welch,2.040615599744319,0.041314223420806366
cristaos_direita_vs_esquerda,2022,estadual,Despesas com pessoal,pct_despesa_tipo,direita,esquerda,371,129,0.13219335311293867,0.1977620149804439,-0.06556866186750523,t_welch,-2.104707467797787,0.03653660145728486
cristaos_direita_vs_esquerda,2022,estadual,Servicos proprios prestados por terceiros,pct_despesa_tipo,direita,esquerda,371,129,0.011153736985251123,0.0028658497423346848,0.008287887242916438,t_welch,2.0483622020964196,0.04104920214449343
cristaos_direita_vs_esquerda,2022,estadual,Alimentacao,pct_despesa_tipo,direita,esquerda,371,129,0.002626309261066367,0.00692726180519779,-0.0043009525441314225,t_welch,-2.2267755307712127,0.02720180591044828
cristaos_direita_vs_esquerda,2022,estadual,Agua,pct_despesa_tipo,direita,esquerda,371,129,0.0004388152837782034,3.987065670297953e-05,0.00039894462707522387,t_welch,2.0559501362904453,0.04047273539742469
cristaos_direita_vs_esquerda,2024,municipal,Publicidade por materiais impressos,pct_despesa_tipo,direita,esquerda,8262,3178,0.1967721229924777,0.21147030859140845,-0.01469818559893074,t_welch,-2.07862807406166,0.037697636286303286
cristaos_direita_vs_esquerda,2024,municipal,Despesa com Impulsionamento de Conteudos,pct_despesa_tipo,direita,esquerda,8262,3178,0.01578111969214546,0.010413791574270165,0.005367328117875294,t_welch,3.2295212760270315,0.0012454558523329043
cristaos_direita_vs_esquerda,2024,municipal,Locacao/cessao de bens imoveis,pct_despesa_tipo,direita,esquerda,8262,3178,0.002354249883405356,0.0012665274525561739,0.001087722430849182,t_welch,2.703554423869067,0.006871071904432191
cristaos_direita_vs_esquerda,2024,municipal,Criacao e inclusao de paginas na internet,pct_despesa_tipo,direita,esquerda,8262,3178,0.0018050233626921025,0.000786679614993654,0.0010183437476984484,t_welch,2.6550468489226353,0.007941226908880867
cristaos_direita_vs_esquerda,2024,municipal,Comicios,pct_despesa_tipo,direita,esquerda,8262,3178,0.0001609665425117547,6.097883080970833e-06,0.00015486865943078386,t_welch,2.7478679733755853,0.006011132097974571
cristaos_esquerda_vs_centro,2012,municipal,Publicidade por materiais impressos,pct_despesa_tipo,esquerda,centro_ou_indefinido,3387,3224,0.19776275449147918,0.1789028719381716,0.01885988255330759,t_welch,2.401956900502356,0.016335072832476517
cristaos_esquerda_vs_centro,2012,municipal,Combustiveis e lubrificantes,pct_despesa_tipo,esquerda,centro_ou_indefinido,3387,3224,0.06362467595978404,0.051322831292968454,0.012301844666815581,t_welch,3.1297326006276274,0.0017573028614914898
cristaos_esquerda_vs_centro,2012,municipal,Baixa de Estimaveis - Cessao ou locacao de veiculos,pct_despesa_tipo,esquerda,centro_ou_indefinido,3387,3224,0.056894354895483286,0.047954663391505524,0.008939691503977762,t_welch,2.157959374892865,0.030966965667886474
cristaos_esquerda_vs_centro,2012,municipal,"Baixa de Estimaveis - Publicidade por placas, estandartes e faixas",pct_despesa_tipo,esquerda,centro_ou_indefinido,3387,3224,0.031337500552293784,0.03840675504656157,-0.0070692544942677835,t_welch,-2.358952650983516,0.018356950051928993
cristaos_esquerda_vs_centro,2012,municipal,Baixa de Estimaveis - Combustiveis e lubrificantes,pct_despesa_tipo,esquerda,centro_ou_indefinido,3387,3224,0.03136156549881333,0.03770313189738709,-0.006341566398573757,t_welch,-2.0093342921380035,0.044543007573094755
cristaos_esquerda_vs_centro,2012,municipal,"Baixa de Estimaveis - Producao de programas de radio, televisao ou video",pct_despesa_tipo,esquerda,centro_ou_indefinido,3387,3224,0.023229937285994044,0.02925051417203288,-0.006020576886038836,t_welch,-2.2085648757554925,0.02724018077312257
cristaos_esquerda_vs_centro,2012,municipal,Baixa de Estimaveis - Locacao/cessao de bens imoveis,pct_despesa_tipo,esquerda,centro_ou_indefinido,3387,3224,0.003252246123815367,0.001438217806448656,0.0018140283173667111,t_welch,2.2245053835436206,0.02616008714420102
cristaos_esquerda_vs_centro,2012,municipal,Correspondencias e despesas postais,pct_despesa_tipo,esquerda,centro_ou_indefinido,3387,3224,0.0013680986760931347,0.0005406229101802414,0.0008274757659128933,t_welch,1.9623588442425766,0.049779234962835636
cristaos_esquerda_vs_centro,2012,municipal,Baixa de Estimaveis - Criacao e inclusao de paginas na internet,pct_despesa_tipo,esquerda,centro_ou_indefinido,3387,3224,0.0006406955569038158,0.0001137063250232227,0.000526989231880593,t_welch,1.9772400835898758,0.04807863719312283
cristaos_esquerda_vs_centro,2014,estadual,"Baixa de Estimaveis - Publicidade por placas, estandartes e faixas",pct_despesa_tipo,esquerda,centro_ou_indefinido,108,225,0.010329370565153553,0.05875323214343682,-0.04842386157828327,t_welch,-4.317429398239175,2.2456096489235923e-05
cristaos_esquerda_vs_centro,2014,estadual,Publicidade por materiais impressos,pct_despesa_tipo,esquerda,centro_ou_indefinido,108,225,0.12020920903563381,0.07408033321046326,0.04612887582517056,t_welch,2.1368774762697154,0.03388516596682293
cristaos_esquerda_vs_centro,2014,estadual,Despesas com pessoal,pct_despesa_tipo,esquerda,centro_ou_indefinido,108,225,0.05516465341518427,0.021953531074277804,0.033211122340906465,t_welch,2.0265516160442423,0.04448775223381067
cristaos_esquerda_vs_centro,2014,federal,Publicidade por materiais impressos,pct_despesa_tipo,esquerda,centro_ou_indefinido,43,91,0.1517085150039795,0.06921265595124748,0.08249585905273202,t_welch,2.2391799221595243,0.028489734844033367
cristaos_esquerda_vs_centro,2018,estadual,"Encargos financeiros, taxas bancarias e/ou op. cartao de credito",pct_despesa_tipo,esquerda,centro_ou_indefinido,131,236,0.0016443387649445883,0.02273234604615514,-0.02108800728121055,t_welch,-2.2449434014680727,0.025699671885610214
cristaos_esquerda_vs_centro,2018,federal,Publicidade por materiais impressos,pct_despesa_tipo,esquerda,centro_ou_indefinido,63,101,0.21808817864471608,0.12029046401202748,0.0977977146326886,t_welch,2.2467206081676974,0.026490138743744788
cristaos_esquerda_vs_centro,2020,municipal,Publicidade por materiais impressos,pct_despesa_tipo,esquerda,centro_ou_indefinido,4172,3197,0.19105150233461898,0.16895322399884194,0.022098278335777044,t_welch,2.913483919327896,0.0035855151626207294
cristaos_esquerda_vs_centro,2020,municipal,Despesas com pessoal,pct_despesa_tipo,esquerda,centro_ou_indefinido,4172,3197,0.049875924898010716,0.03423481028256572,0.015641114615444998,t_welch,3.806198272318001,0.0001422651907227753
cristaos_esquerda_vs_centro,2020,municipal,Servicos prestados por terceiros,pct_despesa_tipo,esquerda,centro_ou_indefinido,4172,3197,0.025730381180483108,0.017762983109411004,0.007967398071072104,t_welch,2.8020290590566663,0.005091621141295504
cristaos_esquerda_vs_centro,2020,municipal,"Producao de jingles, vinhetas e slogans",pct_despesa_tipo,esquerda,centro_ou_indefinido,4172,3197,0.026239448768591755,0.02072926562939184,0.005510183139199914,t_welch,2.0554673017738896,0.03987056101250555
cristaos_esquerda_vs_centro,2022,estadual,Despesas com pessoal,pct_despesa_tipo,esquerda,centro_ou_indefinido,129,177,0.1977620149804439,0.09057632038002925,0.10718569460041466,t_welch,3.251375489657608,0.0013193282123758682
cristaos_esquerda_vs_centro,2022,estadual,Servicos prestados por terceiros,pct_despesa_tipo,esquerda,centro_ou_indefinido,129,177,0.11148130524573234,0.051116539920036855,0.060364765325695485,t_welch,2.5033028131741113,0.012994427760571513
cristaos_esquerda_vs_centro,2022,estadual,Publicidade por materiais impressos,pct_despesa_tipo,esquerda,centro_ou_indefinido,129,177,0.17855304824667584,0.11838866138311287,0.06016438686356297,t_welch,2.1330831548446505,0.03378488783766309
cristaos_esquerda_vs_centro,2022,estadual,Despesa com Impulsionamento de Conteudos,pct_despesa_tipo,esquerda,centro_ou_indefinido,129,177,0.028283229858225678,0.004690303937416872,0.023592925920808805,t_welch,2.323706741467225,0.021585201870621677
cristaos_esquerda_vs_centro,2022,estadual,Cessao ou locacao de veiculos,pct_despesa_tipo,esquerda,centro_ou_indefinido,129,177,0.035477102458474026,0.012758435987841751,0.022718666470632275,t_welch,3.001646219932812,0.0029865574411958376
cristaos_esquerda_vs_centro,2022,estadual,Alimentacao,pct_despesa_tipo,esquerda,centro_ou_indefinido,129,177,0.00692726180519779,0.002043923694659498,0.004883338110538292,t_welch,2.466360506811939,0.014524564855839467
cristaos_esquerda_vs_centro,2022,estadual,Publicidade por jornais e revistas,pct_despesa_tipo,esquerda,centro_ou_indefinido,129,177,0.002326697600269335,0.00013041531435943054,0.0021962822859099046,t_welch,2.1411055955247105,0.03411396691597263
cristaos_esquerda_vs_centro,2022,estadual,"Encargos financeiros, taxas bancarias e/ou op. cartao de credito",pct_despesa_tipo,esquerda,centro_ou_indefinido,129,177,0.0011331484795395032,0.0004368088092411889,0.0006963396702983143,t_welch,2.9249596265344002,0.0038436295012664987
cristaos_esquerda_vs_centro,2024,municipal,Despesas com pessoal,pct_despesa_tipo,esquerda,centro_ou_indefinido,3178,2824,0.05984559737153922,0.03145179922221676,0.028393798149322462,t_welch,6.136648729221704,8.990381324778882e-10
cristaos_esquerda_vs_centro,2024,municipal,Atividades de militancia e mobilizacao de rua,pct_despesa_tipo,esquerda,centro_ou_indefinido,3178,2824,0.08399255680453135,0.06889540937054023,0.015097147433991126,t_welch,2.545898686001007,0.010924524025982253
cristaos_esquerda_vs_centro,2024,municipal,Servicos prestados por terceiros,pct_despesa_tipo,esquerda,centro_ou_indefinido,3178,2824,0.03284164443355329,0.021730811815154575,0.011110832618398712,t_welch,3.3389148995661717,0.000846226043847255
cristaos_esquerda_vs_centro,2024,municipal,Diversas a especificar,pct_despesa_tipo,esquerda,centro_ou_indefinido,3178,2824,0.01563414105696785,0.008205964972339266,0.007428176084628585,t_welch,3.4306660400055478,0.0006063887981788813
cristaos_esquerda_vs_centro,2024,municipal,Combustiveis e lubrificantes,pct_despesa_tipo,esquerda,centro_ou_indefinido,3178,2824,0.02027786252977176,0.013622637608194923,0.006655224921576835,t_welch,2.8321471181292126,0.004639201992599552
cristaos_esquerda_vs_centro,2024,municipal,Cessao ou locacao de veiculos,pct_despesa_tipo,esquerda,centro_ou_indefinido,3178,2824,0.009779594778276484,0.0061209426594393615,0.0036586521188371225,t_welch,2.7180274141299017,0.006587027073339159
cristaos_esquerda_vs_centro,2024,municipal,Doacoes financeiras a outros candidatos/partidos,pct_despesa_tipo,esquerda,centro_ou_indefinido,3178,2824,0.0014678347241937892,0.00025188023821107105,0.0012159544859827183,t_welch,2.2794002462317056,0.022702913527560802
cristaos_esquerda_vs_centro,2024,municipal,Correspondencias e despesas postais,pct_despesa_tipo,esquerda,centro_ou_indefinido,3178,2824,0.0007062055173833146,7.323876333502603e-05,0.0006329667540482885,t_welch,1.9893633914654678,0.046743696638554814
cristaos_esquerda_vs_centro,2024,municipal,Taxa de Administracao de Financiamento Coletivo,pct_despesa_tipo,esquerda,centro_ou_indefinido,3178,2824,1.0601562079004714e-05,4.866213813414173e-07,1.0114940697663296e-05,t_welch,2.493865546660633,0.012685223033091076
cristaos_vs_nao_cristaos,2012,municipal,Combustiveis e lubrificantes,pct_despesa_tipo,True,False,12144,438551,0.06050984746123109,0.07745825066358072,-0.016948403202349638,t_welch,-11.301513902750726,1.770126139789394e-29
cristaos_vs_nao_cristaos,2012,municipal,Baixa de Estimaveis - Publicidade por materiais impressos,pct_despesa_tipo,True,False,12144,438551,0.24699975653573333,0.23148984515972035,0.015509911376012986,t_welch,4.798187686413749,1.6191691498411705e-06
cristaos_vs_nao_cristaos,2012,municipal,Baixa de Estimaveis - Cessao ou locacao de veiculos,pct_despesa_tipo,True,False,12144,438551,0.05517424745551108,0.0674692703744232,-0.012295022918912116,t_welch,-7.76068320696087,9.078698201531602e-15
cristaos_vs_nao_cristaos,2012,municipal,Publicidade por materiais impressos,pct_despesa_tipo,True,False,12144,438551,0.18818552740153305,0.1820664447621465,0.006119082639386542,t_welch,2.114051427967143,0.034530226523025016
cristaos_vs_nao_cristaos,2012,municipal,Publicidade por jornais e revistas,pct_despesa_tipo,True,False,12144,438551,0.0051184071937638706,0.009354354818082345,-0.004235947624318475,t_welch,-11.71402904512562,1.529758342110295e-31
cristaos_vs_nao_cristaos,2012,municipal,"Baixa de Estimaveis - Producao de programas de radio, televisao ou video",pct_despesa_tipo,True,False,12144,438551,0.02610553599787572,0.022301356311188344,0.003804179686687375,t_welch,3.7816288535690807,0.00015651975241368603
cristaos_vs_nao_cristaos,2012,municipal,"Baixa de Estimaveis - Publicidade por placas, estandartes e faixas",pct_despesa_tipo,True,False,12144,438551,0.036322808380283796,0.03290748114328785,0.0034153272369959464,t_welch,3.0083558322513237,0.002631778692056785
cristaos_vs_nao_cristaos,2012,municipal,Baixa de Estimaveis - Servicos prestados por terceiros,pct_despesa_tipo,True,False,12144,438551,0.014717526645192543,0.018025734600772378,-0.0033082079555798345,t_welch,-4.091762635699726,4.306829833068975e-05
cristaos_vs_nao_cristaos,2012,municipal,"Publicidade por placas, estandartes e faixas",pct_despesa_tipo,True,False,12144,438551,0.023102654816016664,0.025008141781202507,-0.0019054869651858423,t_welch,-2.098819829231814,0.03585226261567073
cristaos_vs_nao_cristaos,2012,municipal,Servicos prestados por terceiros,pct_despesa_tipo,True,False,12144,438551,0.005086399566917214,0.006868967188087831,-0.0017825676211706172,t_welch,-3.86752695231702,0.00011047862283947767
cristaos_vs_nao_cristaos,2012,municipal,Baixa de Estimaveis - Despesas com pessoal,pct_despesa_tipo,True,False,12144,438551,0.006599345798370918,0.008176821477552299,-0.0015774756791813805,t_welch,-2.721762076804631,0.00650215870722121
cristaos_vs_nao_cristaos,2012,municipal,Baixa de Estimaveis - Locacao/cessao de bens moveis,pct_despesa_tipo,True,False,12144,438551,0.00319223200740921,0.004231759388435121,-0.0010395273810259106,t_welch,-2.714378430851501,0.006648764516948899
cristaos_vs_nao_cristaos,2012,municipal,Correspondencias e despesas postais,pct_despesa_tipo,True,False,12144,438551,0.0009538422119424921,0.0017927824850886337,-0.0008389402731461416,t_welch,-5.307609535673639,1.1283709742710906e-07
cristaos_vs_nao_cristaos,2012,municipal,"Producao de jingles, vinhetas e slogans",pct_despesa_tipo,True,False,12144,438551,0.003473542325607317,0.004210547740990419,-0.0007370054153831014,t_welch,-2.2631871886076302,0.023640689091537867
cristaos_vs_nao_cristaos,2012,municipal,Cessao ou locacao de veiculos,pct_despesa_tipo,True,False,12144,438551,0.0010582386795350914,0.0015468564946501974,-0.0004886178151151061,t_welch,-2.6025301436276638,0.00926418404373448
cristaos_vs_nao_cristaos,2014,estadual,Despesas com pessoal,pct_despesa_tipo,True,False,575,17456,0.03924389470441819,0.06458042551942327,-0.025336530815005073,t_welch,-4.472258261834446,9.168669344840156e-06
cristaos_vs_nao_cristaos,2014,estadual,Baixa de Estimaveis - Despesas com pessoal,pct_despesa_tipo,True,False,575,17456,0.0088267336743896,0.015019000826894816,-0.006192267152505216,t_welch,-2.5882603141576803,0.009851070874905356
cristaos_vs_nao_cristaos,2014,estadual,Correspondencias e despesas postais,pct_despesa_tipo,True,False,575,17456,0.0025928851560919185,0.004647868472280267,-0.0020549833161883488,t_welch,-2.6575372662987315,0.008051983017313092
cristaos_vs_nao_cristaos,2014,estadual,Locacao/cessao de bens imoveis,pct_despesa_tipo,True,False,575,17456,0.003728622976654401,0.00565483399596237,-0.0019262110193079686,t_welch,-2.3985399642352414,0.016714865642152126
cristaos_vs_nao_cristaos,2014,estadual,Despesas com transporte ou deslocamento,pct_despesa_tipo,True,False,575,17456,0.0005131542141683322,0.0016612836633326177,-0.0011481294491642855,t_welch,-4.258797359853639,2.2576493424958636e-05
cristaos_vs_nao_cristaos,2014,estadual,Materiais de expediente,pct_despesa_tipo,True,False,575,17456,0.00045286729679013823,0.0013829035075257747,-0.0009300362107356364,t_welch,-4.082530124411924,4.624436595347039e-05
cristaos_vs_nao_cristaos,2014,estadual,Eventos de promocao da candidatura,pct_despesa_tipo,True,False,575,17456,0.0004882113703098827,0.0011991793121283797,-0.000710967941818497,t_welch,-2.7027617582539674,0.006996395945514653
cristaos_vs_nao_cristaos,2014,estadual,Baixa de Estimaveis - Publicidade por jornais e revistas,pct_despesa_tipo,True,False,575,17456,0.00017926398901102722,0.0008707370973565031,-0.0006914731083454759,t_welch,-4.61175685559523,4.1787351800320175e-06
cristaos_vs_nao_cristaos,2014,estadual,Baixa de Estimaveis - Criacao e inclusao de paginas na internet,pct_despesa_tipo,True,False,575,17456,3.704721888856259e-05,0.0006157064664593184,-0.0005786592475707558,t_welch,-4.621947155457713,3.827976956353875e-06
cristaos_vs_nao_cristaos,2014,estadual,Baixa de Estimaveis - Preparacao de campanha e instalacao fisica de comites de campanha,pct_despesa_tipo,True,False,575,17456,2.3136253779506063e-05,0.0003788216507111035,-0.0003556853969315974,t_welch,-3.4252838800411687,0.0006155395461772379
cristaos_vs_nao_cristaos,2014,estadual,Baixa de Estimaveis - Materiais de expediente,pct_despesa_tipo,True,False,575,17456,4.5595238832085856e-05,0.0003749424411992627,-0.00032934720236717685,t_welch,-2.864179819233474,0.0041879974737143635
cristaos_vs_nao_cristaos,2014,estadual,"Impostos, contribuicoes e taxas",pct_despesa_tipo,True,False,575,17456,5.104015170363094e-05,0.00034569237310429126,-0.00029465222140066035,t_welch,-2.724217353818717,0.006452475126701313
cristaos_vs_nao_cristaos,2014,estadual,Baixa de Estimaveis - Publicidade por telemarketing,pct_despesa_tipo,True,False,575,17456,0.0,0.0001875525260124007,-0.0001875525260124007,t_welch,-2.9136084754700895,0.00357730968751028
cristaos_vs_nao_cristaos,2014,estadual,Baixa de Estimaveis - Alimentacao,pct_despesa_tipo,True,False,575,17456,1.2061776660989026e-05,0.00017625323056863002,-0.000164191453907641,t_welch,-4.395046907866117,1.1148932341285966e-05
cristaos_vs_nao_cristaos,2014,estadual,Energia eletrica,pct_despesa_tipo,True,False,575,17456,4.236714421362049e-05,9.882533010169769e-05,-5.6458185888077196e-05,t_welch,-2.587873419652031,0.009773033982500151
cristaos_vs_nao_cristaos,2014,federal,Despesas com pessoal,pct_despesa_tipo,True,False,250,7071,0.029958362472779627,0.05603723066182213,-0.026078868189042505,t_welch,-4.183150323497228,3.8052652588931686e-05
cristaos_vs_nao_cristaos,2014,federal,"Producao de programas de radio, televisao ou video",pct_despesa_tipo,True,False,250,7071,0.0024602610985333096,0.007322130404667368,-0.004861869306134059,t_welch,-4.087288596914443,5.2124090401592046e-05
cristaos_vs_nao_cristaos,2014,federal,Correspondencias e despesas postais,pct_despesa_tipo,True,False,250,7071,0.0026274467553630237,0.00550173248832118,-0.0028742857329581563,t_welch,-2.672301415460714,0.007903755103957442
cristaos_vs_nao_cristaos,2014,federal,Locacao/cessao de bens imoveis,pct_despesa_tipo,True,False,250,7071,0.0018702330795884745,0.004735879552817413,-0.002865646473228938,t_welch,-4.003266734416195,7.613575384915858e-05
cristaos_vs_nao_cristaos,2014,federal,"Producao de jingles, vinhetas e slogans",pct_despesa_tipo,True,False,250,7071,0.0012645452448142934,0.0036845600645154914,-0.0024200148197011983,t_welch,-4.810823997075743,1.937787517087833e-06
cristaos_vs_nao_cristaos,2014,federal,Baixa de Estimaveis - Publicidade por carros de som,pct_despesa_tipo,True,False,250,7071,0.00017632358152800236,0.002203535854780773,-0.0020272122732527707,t_welch,-6.169736118009633,7.759856392300992e-10
cristaos_vs_nao_cristaos,2014,federal,Eventos de promocao da candidatura,pct_despesa_tipo,True,False,250,7071,0.0001741259377700603,0.0017103970791440821,-0.001536271141374022,t_welch,-5.5494629865434275,3.215140834183475e-08
cristaos_vs_nao_cristaos,2014,federal,Criacao e inclusao de paginas na internet,pct_despesa_tipo,True,False,250,7071,0.0006557164924780926,0.001967751119815562,-0.0013120346273374696,t_welch,-2.750794206981839,0.006164036750878061
cristaos_vs_nao_cristaos,2014,federal,"Encargos financeiros, taxas bancarias e/ou op. cartao de credito",pct_despesa_tipo,True,False,250,7071,0.0015555327475145042,0.0028266345088303235,-0.0012711017613158194,t_welch,-2.1407800470275493,0.03263452502575905
cristaos_vs_nao_cristaos,2014,federal,"Baixa de Estimaveis - Producao de jingles, vinhetas e slogans",pct_despesa_tipo,True,False,250,7071,0.0006166880774230721,0.0016849839850840028,-0.0010682959076609307,t_welch,-2.7451210692021966,0.0061787597172058145
cristaos_vs_nao_cristaos,2014,federal,Baixa de Estimaveis - Despesas com transporte ou deslocamento,pct_despesa_tipo,True,False,250,7071,0.00010170092693230883,0.0008539763649033104,-0.0007522754379710015,t_welch,-4.736991785547395,2.3929040734315487e-06
cristaos_vs_nao_cristaos,2014,federal,Preparacao de campanha e instalacao fisica de comites de campanha,pct_despesa_tipo,True,False,250,7071,3.4829598185337914e-05,0.0006753012787741175,-0.0006404716805887795,t_welch,-4.9146650047409475,9.086781880789297e-07
cristaos_vs_nao_cristaos,2014,federal,Baixa de Estimaveis - Preparacao de campanha e instalacao fisica de comites de campanha,pct_despesa_tipo,True,False,250,7071,0.0,0.0006123065440760249,-0.0006123065440760249,t_welch,-4.093386682492451,4.298509517484772e-05
cristaos_vs_nao_cristaos,2014,federal,Publicidade por telemarketing,pct_despesa_tipo,True,False,250,7071,2.2736948065968502e-05,0.000556269951067148,-0.0005335330030011795,t_welch,-4.464763929639282,8.135926799866049e-06
cristaos_vs_nao_cristaos,2014,federal,Telefone,pct_despesa_tipo,True,False,250,7071,0.00011412376855443677,0.0004806223947988414,-0.00036649862624440463,t_welch,-2.4037676179575382,0.016254148423802572
cristaos_vs_nao_cristaos,2018,estadual,Publicidade por materiais impressos,pct_despesa_tipo,True,False,650,18304,0.13403113164687402,0.15751221694326137,-0.023481085296387344,t_welch,-2.333240467111514,0.019918614424781197
cristaos_vs_nao_cristaos,2018,estadual,Publicidade por adesivos,pct_despesa_tipo,True,False,650,18304,0.029463654561189608,0.04025745722921512,-0.010793802668025515,t_welch,-2.48335653362586,0.01324558812561894
cristaos_vs_nao_cristaos,2018,estadual,Despesa com Impulsionamento de Conteudos,pct_despesa_tipo,True,False,650,18304,0.007842946111538424,0.016705604674865523,-0.0088626585633271,t_welch,-4.219195148249656,2.7445659878805636e-05
cristaos_vs_nao_cristaos,2018,estadual,Publicidade por jornais e revistas,pct_despesa_tipo,True,False,650,18304,0.003422078228099534,0.007774614237654724,-0.004352536009555191,t_welch,-3.2728353214379524,0.0011127187569680234
cristaos_vs_nao_cristaos,2018,estadual,"Producao de programas de radio, televisao ou video",pct_despesa_tipo,True,False,650,18304,0.004076099203517733,0.007831307800849605,-0.003755208597331872,t_welch,-2.396902822997785,0.016786994781729715
cristaos_vs_nao_cristaos,2018,estadual,Criacao e inclusao de paginas na internet,pct_despesa_tipo,True,False,650,18304,0.001169682263459557,0.0036689065595148867,-0.00249922429605533,t_welch,-3.321269958992312,0.0009347831406550267
cristaos_vs_nao_cristaos,2018,estadual,Correspondencias e despesas postais,pct_despesa_tipo,True,False,650,18304,0.002209086340205447,0.004694113090168197,-0.0024850267499627503,t_welch,-3.3510681883510594,0.0008388100332477299
cristaos_vs_nao_cristaos,2018,estadual,Materiais de expediente,pct_despesa_tipo,True,False,650,18304,0.0001424807978090248,0.0014194225037302748,-0.00127694170592125,t_welch,-7.284390804968525,3.365755299585318e-13
cristaos_vs_nao_cristaos,2018,estadual,Taxa de Administracao de Financiamento Coletivo,pct_despesa_tipo,True,False,650,18304,0.00034633135838760395,0.000981518676524243,-0.0006351873181366389,t_welch,-2.837331094534521,0.004598613982431217
cristaos_vs_nao_cristaos,2018,estadual,Comicios,pct_despesa_tipo,True,False,650,18304,0.0002937199666405697,0.0007413921346571372,-0.00044767216801656754,t_welch,-2.346382138814355,0.019085837286688487
cristaos_vs_nao_cristaos,2018,estadual,Pesquisas ou testes eleitorais,pct_despesa_tipo,True,False,650,18304,3.258719660342346e-05,0.0003345220347637012,-0.00030193483816027774,t_welch,-4.675655507235777,2.980204641894977e-06
cristaos_vs_nao_cristaos,2018,estadual,"Impostos, contribuicoes e taxas",pct_despesa_tipo,True,False,650,18304,6.533634018512483e-05,0.00031959531933072787,-0.000254258979145603,t_welch,-2.472046317470422,0.013444186905790622
cristaos_vs_nao_cristaos,2018,estadual,Aquisicao/Doacao de bens moveis ou imoveis,pct_despesa_tipo,True,False,650,18304,9.606681126037063e-05,0.0003450689741585538,-0.0002490021628981832,t_welch,-2.0823337831597257,0.03737320482812928
cristaos_vs_nao_cristaos,2018,estadual,Reembolsos de gastos realizados por eleitores,pct_despesa_tipo,True,False,650,18304,0.0,0.00011590779662273281,-0.00011590779662273281,t_welch,-2.7317478931484014,0.0063059714016352126
cristaos_vs_nao_cristaos,2018,estadual,Encargos sociais,pct_despesa_tipo,True,False,650,18304,0.0,9.256195343959489e-05,-9.256195343959489e-05,t_welch,-4.64936102992191,3.3528970100878624e-06
cristaos_vs_nao_cristaos,2018,federal,Despesa com Impulsionamento de Conteudos,pct_despesa_tipo,True,False,302,8690,0.01185151500818052,0.027010498526192712,-0.015158983518012191,t_welch,-3.726266052445256,0.00022669555885080077
cristaos_vs_nao_cristaos,2018,federal,Publicidade por jornais e revistas,pct_despesa_tipo,True,False,302,8690,0.0035613129754032764,0.009975994747026795,-0.006414681771623519,t_welch,-4.070064330144503,5.595750413779728e-05
cristaos_vs_nao_cristaos,2018,federal,Locacao/cessao de bens imoveis,pct_despesa_tipo,True,False,302,8690,0.003983425677396736,0.006832154473003128,-0.0028487287956063916,t_welch,-2.0980564278765153,0.03655611938544388
cristaos_vs_nao_cristaos,2018,federal,Materiais de expediente,pct_despesa_tipo,True,False,302,8690,0.0003497551664916403,0.0019041943444966566,-0.0015544391780050162,t_welch,-4.6682861658904615,3.1277607396271465e-06
cristaos_vs_nao_cristaos,2018,federal,Taxa de Administracao de Financiamento Coletivo,pct_despesa_tipo,True,False,302,8690,0.0002727835824493921,0.0013896132484836586,-0.0011168296660342665,t_welch,-4.3097162719030235,1.6870235453015117e-05
cristaos_vs_nao_cristaos,2018,federal,Pre-instalacao fisica de comite de campanha,pct_despesa_tipo,True,False,302,8690,5.564015791609219e-05,0.0004891060316394248,-0.00043346587372333263,t_welch,-3.358361011093498,0.0007881578505806284
cristaos_vs_nao_cristaos,2018,federal,Aquisicao/Doacao de bens moveis ou imoveis,pct_despesa_tipo,True,False,302,8690,0.00010444583351427097,0.0005255315448819284,-0.00042108571136765746,t_welch,-2.0848959247334276,0.03715451186767432
cristaos_vs_nao_cristaos,2018,federal,Agua,pct_despesa_tipo,True,False,302,8690,7.590956264220142e-05,0.00019061838392869047,-0.00011470882128648905,t_welch,-2.4318527159401886,0.015305480671221464
cristaos_vs_nao_cristaos,2018,federal,Telefone,pct_despesa_tipo,True,False,302,8690,5.731603882910125e-06,0.00010571490344071251,-9.998329955780239e-05,t_welch,-2.6585902451722028,0.007860977013015217
cristaos_vs_nao_cristaos,2018,federal,Passagem Aerea,pct_despesa_tipo,True,False,302,8690,0.0,7.066960517228439e-05,-7.066960517228439e-05,t_welch,-5.659378909739949,1.5674580723108452e-08
cristaos_vs_nao_cristaos,2020,municipal,Publicidade por materiais impressos,pct_despesa_tipo,True,False,17350,501346,0.1819387426545287,0.1897997012162236,-0.007860958561694914,t_welch,-3.128799796062659,0.0017579413291614649
cristaos_vs_nao_cristaos,2020,municipal,Servicos contabeis,pct_despesa_tipo,True,False,17350,501346,0.03636910506469805,0.044053615918602206,-0.007684510853904154,t_welch,-7.616505420950316,2.729949506393048e-14
cristaos_vs_nao_cristaos,2020,municipal,Publicidade por adesivos,pct_despesa_tipo,True,False,17350,501346,0.05851393660938598,0.06498486953684769,-0.00647093292746171,t_welch,-4.588210290215594,4.499744996962349e-06
cristaos_vs_nao_cristaos,2020,municipal,Combustiveis e lubrificantes,pct_despesa_tipo,True,False,17350,501346,0.0244583947823124,0.0307647002673601,-0.006306305485047698,t_welch,-7.095450279828628,1.3349266986079846e-12
cristaos_vs_nao_cristaos,2020,municipal,Publicidade por jornais e revistas,pct_despesa_tipo,True,False,17350,501346,0.003067141249139912,0.007066550195701117,-0.003999408946561206,t_welch,-11.785672449667103,5.900079852279256e-32
cristaos_vs_nao_cristaos,2020,municipal,Servicos advocaticios,pct_despesa_tipo,True,False,17350,501346,0.02690916597729997,0.030817178111832374,-0.003908012134532405,t_welch,-4.846518764314168,1.2665702455197382e-06
cristaos_vs_nao_cristaos,2020,municipal,Despesa com Impulsionamento de Conteudos,pct_despesa_tipo,True,False,17350,501346,0.006916175760383449,0.010324696610235311,-0.0034085208498518624,t_welch,-6.890710162555751,5.7253279867195146e-12
cristaos_vs_nao_cristaos,2020,municipal,"Producao de programas de radio, televisao ou video",pct_despesa_tipo,True,False,17350,501346,0.0029773680474756018,0.006376868921265361,-0.003399500873789759,t_welch,-12.142170070900756,8.286342170805229e-34
cristaos_vs_nao_cristaos,2020,municipal,Servicos prestados por terceiros,pct_despesa_tipo,True,False,17350,501346,0.020055192813546206,0.02332324554774988,-0.003268052734203674,t_welch,-3.6445028661437844,0.0002686360404201234
cristaos_vs_nao_cristaos,2020,municipal,"Producao de jingles, vinhetas e slogans",pct_despesa_tipo,True,False,17350,501346,0.022535989305450387,0.025690690235420106,-0.003154700929969719,t_welch,-3.7099374943607133,0.00020791182276971845
cristaos_vs_nao_cristaos,2020,municipal,Diversas a especificar,pct_despesa_tipo,True,False,17350,501346,0.009559191592069739,0.010933405548117853,-0.0013742139560481148,t_welch,-2.3772417022347176,0.01745265541784332
cristaos_vs_nao_cristaos,2020,municipal,Criacao e inclusao de paginas na internet,pct_despesa_tipo,True,False,17350,501346,0.0012845113403234872,0.002368408915834273,-0.0010838975755107856,t_welch,-5.64505284109448,1.6740665443995037e-08
cristaos_vs_nao_cristaos,2020,municipal,Correspondencias e despesas postais,pct_despesa_tipo,True,False,17350,501346,0.0005453747096391104,0.0008803108945711301,-0.00033493618493201966,t_welch,-2.6355566688656387,0.00840678768217269
cristaos_vs_nao_cristaos,2020,municipal,Alimentacao,pct_despesa_tipo,True,False,17350,501346,0.0003970187672951076,0.0005747034146141957,-0.0001776846473190881,t_welch,-1.9966347702276628,0.045878975306913455
cristaos_vs_nao_cristaos,2020,municipal,Comicios,pct_despesa_tipo,True,False,17350,501346,5.5710611349184526e-05,0.00011732404732287246,-6.161343597368793e-05,t_welch,-2.163646080617958,0.03050150230052945
cristaos_vs_nao_cristaos,2022,estadual,Despesa com Impulsionamento de Conteudos,pct_despesa_tipo,True,False,677,16670,0.01949406803663476,0.03782503030134264,-0.01833096226470788,t_welch,-5.326926895080481,1.311726533541124e-07
cristaos_vs_nao_cristaos,2022,estadual,Publicidade por adesivos,pct_despesa_tipo,True,False,677,16670,0.026651223081383606,0.041286060021390195,-0.014634836940006588,t_welch,-3.9363742454682047,9.031794823223291e-05
cristaos_vs_nao_cristaos,2022,estadual,Diversas a especificar,pct_despesa_tipo,True,False,677,16670,0.006596335144275281,0.014267280936906986,-0.007670945792631705,t_welch,-4.586501980811703,5.176341627699637e-06
cristaos_vs_nao_cristaos,2022,estadual,"Producao de programas de radio, televisao ou video",pct_despesa_tipo,True,False,677,16670,0.009307847206549199,0.01343021317673964,-0.004122365970190441,t_welch,-2.157236908495659,0.03129727889672283
cristaos_vs_nao_cristaos,2022,estadual,Locacao/cessao de bens imoveis,pct_despesa_tipo,True,False,677,16670,0.004553041601894871,0.008140441266933043,-0.0035873996650381728,t_welch,-4.046212723324208,5.6791307898414446e-05
cristaos_vs_nao_cristaos,2022,estadual,Criacao e inclusao de paginas na internet,pct_despesa_tipo,True,False,677,16670,0.002665484103957938,0.005956388502495099,-0.0032909043985371615,t_welch,-3.2604168698005536,0.0011565917987360983
cristaos_vs_nao_cristaos,2022,estadual,Publicidade por jornais e revistas,pct_despesa_tipo,True,False,677,16670,0.0014782598227494048,0.004199375071024645,-0.0027211152482752403,t_welch,-4.922899124073434,9.928274792129537e-07
cristaos_vs_nao_cristaos,2022,estadual,Doacoes financeiras a outros candidatos/partidos,pct_despesa_tipo,True,False,677,16670,0.0009330739736895322,0.0030961477091378704,-0.0021630737354483382,t_welch,-2.344363813858786,0.019284723045623738
cristaos_vs_nao_cristaos,2022,estadual,Pesquisas ou testes eleitorais,pct_despesa_tipo,True,False,677,16670,6.695474640015002e-05,0.0005201801095741462,-0.00045322536317399616,t_welch,-4.507681576093753,6.786682985631233e-06
cristaos_vs_nao_cristaos,2022,estadual,Pre-instalacao fisica de comite de campanha,pct_despesa_tipo,True,False,677,16670,9.737776622271299e-05,0.0005445249794422038,-0.0004471472132194908,t_welch,-4.853599832456002,1.2687525947124644e-06
cristaos_vs_nao_cristaos,2022,estadual,Taxa de Administracao de Financiamento Coletivo,pct_despesa_tipo,True,False,677,16670,1.3810119122982139e-05,0.00033854831826468445,-0.0003247381991417023,t_welch,-4.632956629303686,3.631664183142792e-06
cristaos_vs_nao_cristaos,2022,estadual,"Impostos, contribuicoes e taxas",pct_despesa_tipo,True,False,677,16670,2.4167130525909736e-05,0.00020407095213121278,-0.00017990382160530305,t_welch,-2.0506469970899563,0.04031635912951594
cristaos_vs_nao_cristaos,2022,estadual,Despesa com geradores de energia,pct_despesa_tipo,True,False,677,16670,0.0,7.148140692772524e-05,-7.148140692772524e-05,t_welch,-2.733412818674169,0.006274783260542269
cristaos_vs_nao_cristaos,2022,estadual,Passagem Aerea,pct_despesa_tipo,True,False,677,16670,4.054189663893299e-06,4.756920936896945e-05,-4.351501970507615e-05,t_welch,-3.7584821702638957,0.00017161238729744655
cristaos_vs_nao_cristaos,2022,estadual,Telefone,pct_despesa_tipo,True,False,677,16670,2.8017995844641734e-06,2.1107170054827587e-05,-1.8305370470363413e-05,t_welch,-2.244922973217666,0.024787722523331942
cristaos_vs_nao_cristaos,2022,federal,Despesa com Impulsionamento de Conteudos,pct_despesa_tipo,True,False,406,10467,0.022230337172167818,0.04083741027690076,-0.01860707310473294,t_welch,-4.054259346577051,5.91313173743373e-05
cristaos_vs_nao_cristaos,2022,federal,"Producao de programas de radio, televisao ou video",pct_despesa_tipo,True,False,406,10467,0.012159728462844988,0.022191625945617983,-0.010031897482772995,t_welch,-3.3607632246718877,0.0008420366559214323
cristaos_vs_nao_cristaos,2022,federal,Servicos advocaticios,pct_despesa_tipo,True,False,406,10467,0.025319769097094626,0.03533158426078349,-0.010011815163688865,t_welch,-2.599163201601445,0.009655138170377133
cristaos_vs_nao_cristaos,2022,federal,Servicos contabeis,pct_despesa_tipo,True,False,406,10467,0.01983667970574973,0.028294849132487324,-0.008458169426737595,t_welch,-2.822118692190254,0.004971772616683684
cristaos_vs_nao_cristaos,2022,federal,Publicidade por jornais e revistas,pct_despesa_tipo,True,False,406,10467,0.000827846004214669,0.004374448666682767,-0.0035466026624680976,t_welch,-7.216120911171693,9.593412763904314e-13
cristaos_vs_nao_cristaos,2022,federal,Correspondencias e despesas postais,pct_despesa_tipo,True,False,406,10467,0.00022470029370018457,0.002440720446108798,-0.0022160201524086135,t_welch,-8.630217583119704,9.831423406617976e-18
cristaos_vs_nao_cristaos,2022,federal,Pesquisas ou testes eleitorais,pct_despesa_tipo,True,False,406,10467,0.00036702770076168357,0.0012482434701357637,-0.0008812157693740801,t_welch,-3.3428791290794866,0.0008701379270334795
cristaos_vs_nao_cristaos,2022,federal,Materiais de expediente,pct_despesa_tipo,True,False,406,10467,0.0005131369138230768,0.0012728673535620854,-0.0007597304397390087,t_welch,-2.5431663467857115,0.011129524339132339
cristaos_vs_nao_cristaos,2022,federal,Pre-instalacao fisica de comite de campanha,pct_despesa_tipo,True,False,406,10467,5.514806283939179e-05,0.0006152130743631259,-0.0005600650115237341,t_welch,-5.429920313557474,5.814157643892097e-08
cristaos_vs_nao_cristaos,2022,federal,Agua,pct_despesa_tipo,True,False,406,10467,0.00011939094298889794,0.000374073344896541,-0.00025468240190764307,t_welch,-2.381182417565053,0.0172809694503254
cristaos_vs_nao_cristaos,2022,federal,Despesas com Hospedagem,pct_despesa_tipo,True,False,406,10467,0.00020872226977783004,0.000406142700032159,-0.00019742043025432895,t_welch,-1.9897773664076799,0.04700091992100127
cristaos_vs_nao_cristaos,2022,federal,Passagem Aerea,pct_despesa_tipo,True,False,406,10467,0.0,8.914858041466409e-05,-8.914858041466409e-05,t_welch,-3.6846600450683327,0.00023016350723533807
cristaos_vs_nao_cristaos,2022,federal,Encargos sociais,pct_despesa_tipo,True,False,406,10467,2.266027937637528e-06,6.150700253700298e-05,-5.9240974599365446e-05,t_welch,-2.4441529068856913,0.01453553030603728
cristaos_vs_nao_cristaos,2022,federal,Energia eletrica,pct_despesa_tipo,True,False,406,10467,1.918505344350899e-06,3.1906676621341166e-05,-2.9988171276990266e-05,t_welch,-5.124913614982076,3.029567416011183e-07
cristaos_vs_nao_cristaos,2024,municipal,Publicidade por materiais impressos,pct_despesa_tipo,True,False,14264,417768,0.20140228537102897,0.21073593014614556,-0.009333644775116584,t_welch,-3.2760393588953907,0.001055094204558111
cristaos_vs_nao_cristaos,2024,municipal,Servicos contabeis,pct_despesa_tipo,True,False,14264,417768,0.030480207834539537,0.03811714046354609,-0.007636932629006554,t_welch,-7.937666987620227,2.201215172832045e-15
cristaos_vs_nao_cristaos,2024,municipal,Publicidade por adesivos,pct_despesa_tipo,True,False,14264,417768,0.0586106087530667,0.06423036172381967,-0.00561975297075297,t_welch,-3.5972386672079573,0.00032262580494195906
cristaos_vs_nao_cristaos,2024,municipal,Despesa com Impulsionamento de Conteudos,pct_despesa_tipo,True,False,14264,417768,0.013481350832159365,0.018017643666445437,-0.004536292834286072,t_welch,-6.180881356710153,6.534020658739838e-10
cristaos_vs_nao_cristaos,2024,municipal,Servicos advocaticios,pct_despesa_tipo,True,False,14264,417768,0.026154994188798346,0.030682100021320057,-0.004527105832521711,t_welch,-5.481342402936813,4.287410658052747e-08
cristaos_vs_nao_cristaos,2024,municipal,Servicos prestados por terceiros,pct_despesa_tipo,True,False,14264,417768,0.028127438633101215,0.030671905826946275,-0.0025444671938450597,t_welch,-2.340529770083873,0.01926918904714901
cristaos_vs_nao_cristaos,2024,municipal,Publicidade por jornais e revistas,pct_despesa_tipo,True,False,14264,417768,0.0018498473294952357,0.004347381784969816,-0.00249753445547458,t_welch,-9.156004657197977,6.000079749291007e-20
cristaos_vs_nao_cristaos,2024,municipal,"Producao de programas de radio, televisao ou video",pct_despesa_tipo,True,False,14264,417768,0.005356218585361394,0.007605925369404363,-0.002249706784042969,t_welch,-5.086307937774406,3.6935510956750065e-07
cristaos_vs_nao_cristaos,2024,municipal,Combustiveis e lubrificantes,pct_despesa_tipo,True,False,14264,417768,0.01888041229368907,0.020653658359237912,-0.0017732460655488433,t_welch,-2.146064526776473,0.03188349051299225
cristaos_vs_nao_cristaos,2024,municipal,Cessao ou locacao de veiculos,pct_despesa_tipo,True,False,14264,417768,0.010354360244292019,0.008716512859900199,0.00163784738439182,t_welch,3.232223198916532,0.001230949039523067
cristaos_vs_nao_cristaos,2024,municipal,Doacoes financeiras a outros candidatos/partidos,pct_despesa_tipo,True,False,14264,417768,0.0009373959801335006,0.0017549119675439638,-0.0008175159874104633,t_welch,-4.432383572021792,9.379607033854645e-06
cristaos_vs_nao_cristaos,2024,municipal,Criacao e inclusao de paginas na internet,pct_despesa_tipo,True,False,14264,417768,0.00133310352157258,0.002134938237887641,-0.0008018347163150608,t_welch,-4.131493421770802,3.6223302087559525e-05
cristaos_vs_nao_cristaos,2024,municipal,Correspondencias e despesas postais,pct_despesa_tipo,True,False,14264,417768,0.0005262858240156473,0.0008718627383032372,-0.00034557691428758986,t_welch,-3.0668325084718098,0.00216698415088201
cristaos_vs_nao_cristaos,2024,municipal,Taxa de Administracao de Financiamento Coletivo,pct_despesa_tipo,True,False,14264,417768,8.711352073578284e-06,5.7041637490298985e-05,-4.83302854167207e-05,t_welch,-5.087454258839518,3.6311189825640114e-07
cristaos_vs_nao_cristaos,2024,municipal,Despesa com geradores de energia,pct_despesa_tipo,True,False,14264,417768,1.8332108273635227e-06,2.8746685373397056e-05,-2.6913474546033533e-05,t_welch,-4.89283794928553,9.94317679362466e-07
